track,unit,class,chunk_len,pos,orig_tok,new_tok,notes_before,notes_after,notes_lost,notes_added,damage
Track02029,0,shift,56,3,111,777,17,16,1,0,1
Track02029,0,shift,56,36,452,441,17,17,1,1,2
Track02029,0,shift,56,21,414,862,17,16,1,0,1
Track02029,0,shift,56,3,111,701,17,16,1,0,1
Track02029,0,shift,56,9,338,97,17,17,1,1,2
Track02029,0,shift,56,29,414,979,17,16,1,0,1
Track02029,0,drum,56,32,1346,1362,17,17,1,1,2
Track02029,0,drum,56,32,1346,1365,17,17,1,1,2
Track02029,0,drum,56,10,1307,1281,17,17,1,1,2
Track02029,0,drum,56,40,1329,1322,17,17,1,1,2
Track02029,0,drum,56,10,1307,1313,17,17,1,1,2
Track02029,0,drum,56,4,1307,1383,17,17,1,1,2
Track02029,0,program,56,26,1159,1219,17,17,5,5,10
Track02029,0,program,56,22,1151,1242,17,17,1,1,2
Track02029,0,program,56,22,1151,1193,17,17,1,1,2
Track02029,0,velocity,56,27,1133,1132,17,16,1,0,1
Track02029,0,velocity,56,19,1133,1132,17,16,1,0,1
Track02029,0,velocity,56,16,1132,1133,17,18,0,1,1
Track02029,0,velocity,56,37,1133,1132,17,16,1,0,1
Track02029,0,velocity,56,48,1133,1132,17,16,1,0,1
Track02029,0,velocity,56,13,1133,1132,17,16,1,0,1
Track02029,0,pitch,56,49,1061,1110,17,17,1,1,2
Track02029,0,pitch,56,24,1073,1085,17,17,1,1,2
Track02029,0,pitch,56,17,1044,1101,17,17,0,0,0
Track02029,0,pitch,56,43,1056,1049,17,17,0,0,0
Track02029,0,pitch,56,14,1044,1128,17,17,1,1,2
Track02029,0,pitch,56,28,1049,1118,17,17,1,1,2
Track02029,1,program,268,202,1151,1236,48,48,0,0,0
Track02029,1,program,268,206,1159,1161,48,48,0,0,0
Track02029,1,program,268,103,1159,1196,48,48,0,0,0
Track02029,1,program,268,111,1159,1140,48,48,10,10,20
Track02029,1,program,268,179,1151,1155,48,48,1,1,2
Track02029,1,program,268,206,1159,1224,48,48,0,0,0
Track02029,1,pitch,268,243,1066,1099,48,48,0,0,0
Track02029,1,pitch,268,86,1068,1127,48,48,1,1,2
Track02029,1,pitch,268,101,1075,1045,48,48,0,0,0
Track02029,1,pitch,268,239,1063,1051,48,48,0,0,0
Track02029,1,pitch,268,14,1065,1063,48,48,0,0,0
Track02029,1,pitch,268,208,1046,1028,48,48,0,0,0
Track02029,1,shift,268,127,256,132,48,48,1,1,2
Track02029,1,shift,268,182,370,479,48,48,1,1,2
Track02029,1,shift,268,92,167,230,48,48,0,0,0
Track02029,1,shift,268,150,294,673,48,47,1,0,1
Track02029,1,shift,268,251,446,440,48,48,1,1,2
Track02029,1,shift,268,49,66,836,48,47,1,0,1
Track02029,1,velocity,268,170,1132,1133,48,49,0,1,1
Track02029,1,velocity,268,187,1133,1132,48,47,1,0,1
Track02029,1,velocity,268,31,1133,1132,48,47,1,0,1
Track02029,1,velocity,268,85,1133,1132,48,47,1,0,1
Track02029,1,velocity,268,203,1132,1133,48,49,0,1,1
Track02029,1,velocity,268,221,1133,1132,48,47,1,0,1
Track02029,1,drum,268,126,1329,1368,48,48,1,1,2
Track02029,1,drum,268,258,1327,1314,48,48,1,1,2
Track02029,1,drum,268,258,1327,1301,48,48,1,1,2
Track02029,1,drum,268,88,1327,1352,48,48,1,1,2
Track02029,1,drum,268,162,1328,1282,48,48,1,1,2
Track02029,1,drum,268,258,1327,1290,48,48,1,1,2
Track02029,2,program,279,211,1159,1135,48,48,0,0,0
Track02029,2,program,279,211,1159,1237,48,48,0,0,0
Track02029,2,program,279,205,1137,1221,48,48,1,1,2
Track02029,2,program,279,127,1151,1226,48,48,1,1,2
Track02029,2,program,279,51,1159,1236,48,48,0,0,0
Track02029,2,program,279,149,1151,1195,48,48,0,0,0
Track02029,2,pitch,279,136,1060,1077,48,48,1,1,2
Track02029,2,pitch,279,4,1056,1021,48,48,0,0,0
Track02029,2,pitch,279,64,1061,1018,48,48,1,1,2
Track02029,2,pitch,279,117,1044,1089,48,48,1,1,2
Track02029,2,pitch,279,181,1073,1063,48,48,1,1,2
Track02029,2,pitch,279,238,1049,1076,48,48,0,0,0
Track02029,2,shift,279,29,22,768,48,47,1,0,1
Track02029,2,shift,279,161,294,638,48,48,0,0,0
Track02029,2,shift,279,159,288,557,48,47,1,0,1
Track02029,2,shift,279,31,22,563,48,47,1,0,1
Track02029,2,shift,279,222,402,306,48,48,0,0,0
Track02029,2,shift,279,168,314,33,48,48,0,0,0
Track02029,2,velocity,279,107,1133,1132,48,47,1,0,1
Track02029,2,velocity,279,128,1133,1132,48,47,1,0,1
Track02029,2,velocity,279,273,1133,1132,48,47,1,0,1
Track02029,2,velocity,279,71,1132,1133,48,49,0,1,1
Track02029,2,velocity,279,86,1132,1133,48,49,0,1,1
Track02029,2,velocity,279,121,1132,1133,48,49,0,1,1
Track02029,2,drum,279,251,1328,1374,48,48,1,1,2
Track02029,2,drum,279,30,1329,1294,48,48,1,1,2
Track02029,2,drum,279,209,1329,1272,48,48,1,1,2
Track02029,2,drum,279,235,1327,1300,48,48,1,1,2
Track02029,2,drum,279,251,1328,1302,48,48,1,1,2
Track02029,2,drum,279,119,1328,1350,48,48,1,1,2
Track02029,3,program,297,14,1159,1207,50,50,1,1,2
Track02029,3,program,297,151,1159,1237,50,50,1,1,2
Track02029,3,program,297,287,1159,1221,50,50,0,0,0
Track02029,3,program,297,122,1206,1187,50,50,1,1,2
Track02029,3,program,297,122,1206,1241,50,50,1,1,2
Track02029,3,program,297,77,1159,1156,50,50,4,4,8
Track02029,3,pitch,297,95,1046,1006,50,50,0,0,0
Track02029,3,pitch,297,25,1085,1015,50,50,0,0,0
Track02029,3,pitch,297,225,1063,1096,50,50,1,1,2
Track02029,3,pitch,297,205,1063,1062,50,50,0,0,0
Track02029,3,pitch,297,208,1056,1024,50,50,0,0,0
Track02029,3,pitch,297,265,1063,1068,50,50,0,0,0
Track02029,3,shift,297,277,471,155,50,50,1,1,2
Track02029,3,shift,297,146,242,700,50,50,0,0,0
Track02029,3,shift,297,146,242,450,50,50,0,0,0
Track02029,3,shift,297,52,93,385,50,50,0,0,0
Track02029,3,shift,297,76,130,305,50,50,1,1,2
Track02029,3,shift,297,203,320,634,50,50,0,0,0
Track02029,3,velocity,297,182,1133,1132,50,49,1,0,1
Track02029,3,velocity,297,113,1133,1132,50,49,1,0,1
Track02029,3,velocity,297,284,1132,1133,50,51,0,1,1
Track02029,3,velocity,297,34,1133,1132,50,49,1,0,1
Track02029,3,velocity,297,109,1132,1133,50,51,0,1,1
Track02029,3,velocity,297,45,1132,1133,50,51,0,1,1
Track02029,3,drum,297,92,1346,1388,50,50,1,1,2
Track02029,3,drum,297,92,1346,1381,50,50,1,1,2
Track02029,3,drum,297,126,1327,1354,50,50,1,1,2
Track02029,3,drum,297,97,1329,1298,50,50,1,1,2
Track02029,3,drum,297,234,1327,1389,50,50,1,1,2
Track02029,3,drum,297,90,1329,1364,50,50,1,1,2
Track01975,0,shift,384,96,184,720,63,63,0,0,0
Track01975,0,shift,384,302,439,453,63,63,0,0,0
Track01975,0,shift,384,281,385,275,63,63,1,1,2
Track01975,0,shift,384,30,68,100,63,63,1,1,2
Track01975,0,shift,384,167,279,906,63,62,1,0,1
Track01975,0,shift,384,50,103,459,63,63,1,1,2
Track01975,0,program,384,258,1135,1162,63,63,0,0,0
Track01975,0,program,384,265,1137,1175,63,63,0,0,0
Track01975,0,program,384,321,1183,1210,63,63,1,1,2
Track01975,0,program,384,227,1135,1158,63,63,3,3,6
Track01975,0,program,384,206,1183,1246,63,63,1,1,2
Track01975,0,program,384,2,1183,1233,63,63,3,3,6
Track01975,0,velocity,384,186,1133,1132,63,62,1,0,1
Track01975,0,velocity,384,276,1133,1132,63,62,1,0,1
Track01975,0,velocity,384,255,1132,1133,63,64,0,1,1
Track01975,0,velocity,384,162,1132,1133,63,64,0,1,1
Track01975,0,velocity,384,117,1133,1132,63,62,1,0,1
Track01975,0,velocity,384,241,1133,1132,63,62,1,0,1
Track01975,0,pitch,384,55,1070,1079,63,63,1,1,2
Track01975,0,pitch,384,40,1063,1087,63,63,0,0,0
Track01975,0,pitch,384,242,1067,1014,63,63,1,1,2
Track01975,0,pitch,384,292,1067,1056,63,63,0,0,0
Track01975,0,pitch,384,301,1070,1009,63,63,1,1,2
Track01975,0,pitch,384,70,1067,1066,63,63,1,1,2
Track01975,1,program,475,143,1135,1178,68,68,0,0,0
Track01975,1,program,475,347,1135,1154,68,68,0,0,0
Track01975,1,program,475,354,1183,1148,68,68,0,0,0
Track01975,1,program,475,136,1183,1211,68,68,1,1,2
Track01975,1,program,475,400,1135,1158,68,68,0,0,0
Track01975,1,program,475,180,1135,1255,68,68,3,3,6
Track01975,1,pitch,475,470,1068,1078,68,68,0,0,0
Track01975,1,pitch,475,201,1056,1048,68,68,1,1,2
Track01975,1,pitch,475,279,1056,1080,68,68,1,1,2
Track01975,1,pitch,475,124,1068,1006,68,68,1,1,2
Track01975,1,pitch,475,58,1070,1126,68,68,0,0,0
Track01975,1,pitch,475,185,1068,1065,68,68,0,0,0
Track01975,1,shift,475,221,238,786,68,67,1,0,1
Track01975,1,shift,475,41,27,86,68,68,1,1,2
Track01975,1,shift,475,132,132,490,68,68,1,1,2
Track01975,1,shift,475,316,344,494,68,68,1,1,2
Track01975,1,shift,475,209,223,941,68,68,0,0,0
Track01975,1,shift,475,80,79,575,68,68,0,0,0
Track01975,1,velocity,475,255,1132,1133,68,69,0,1,1
Track01975,1,velocity,475,226,1133,1132,68,67,1,0,1
Track01975,1,velocity,475,380,1133,1132,68,67,1,0,1
Track01975,1,velocity,475,127,1133,1132,68,67,1,0,1
Track01975,1,velocity,475,452,1133,1132,68,67,1,0,1
Track01975,1,velocity,475,160,1132,1133,68,69,0,1,1
Track01975,2,program,733,428,1135,1203,114,114,4,4,8
Track01975,2,program,733,626,1183,1192,114,114,0,0,0
Track01975,2,program,733,296,1183,1137,114,114,0,0,0
Track01975,2,program,733,327,1135,1242,114,114,3,3,6
Track01975,2,program,733,0,1135,1251,114,114,0,0,0
Track01975,2,program,733,428,1135,1154,114,114,4,4,8
Track01975,2,pitch,733,206,1051,1075,114,114,1,1,2
Track01975,2,pitch,733,215,1070,1017,114,114,1,1,2
Track01975,2,pitch,733,476,1070,1090,114,114,0,0,0
Track01975,2,pitch,733,85,1062,1039,114,114,0,0,0
Track01975,2,pitch,733,170,1058,1088,114,114,0,0,0
Track01975,2,pitch,733,524,1062,1097,114,114,0,0,0
Track01975,2,shift,733,691,479,772,114,113,1,0,1
Track01975,2,shift,733,226,197,110,114,114,1,1,2
Track01975,2,shift,733,447,338,920,114,113,1,0,1
Track01975,2,shift,733,713,490,233,114,114,0,0,0
Track01975,2,shift,733,171,143,40,114,114,0,0,0
Track01975,2,shift,733,105,91,558,114,113,1,0,1
Track01975,2,velocity,733,389,1133,1132,114,113,1,0,1
Track01975,2,velocity,733,260,1132,1133,114,115,0,1,1
Track01975,2,velocity,733,218,1133,1132,114,113,1,0,1
Track01975,2,velocity,733,595,1132,1133,114,115,0,1,1
Track01975,2,velocity,733,324,1132,1133,114,115,0,1,1
Track01975,2,velocity,733,582,1132,1133,114,115,0,1,1
Track01975,2,drum,733,724,1319,1305,114,114,1,1,2
Track01975,2,drum,733,697,1307,1387,114,114,1,1,2
Track01975,2,drum,733,701,1322,1301,114,114,1,1,2
Track01975,2,drum,733,701,1322,1331,114,114,1,1,2
Track01975,2,drum,733,724,1319,1297,114,114,1,1,2
Track01975,3,program,888,876,1135,1256,166,166,0,0,0
Track01975,3,program,888,157,1135,1157,166,166,5,5,10
Track01975,3,program,888,518,1215,1140,166,166,0,0,0
Track01975,3,program,888,309,1135,1192,166,166,0,0,0
Track01975,3,program,888,841,1168,1264,166,166,1,1,2
Track01975,3,program,888,149,1135,1251,166,166,0,0,0
Track01975,3,pitch,888,67,1070,1100,166,166,0,0,0
Track01975,3,pitch,888,746,1060,1118,166,166,0,0,0
Track01975,3,pitch,888,183,1058,1118,166,166,1,1,2
Track01975,3,pitch,888,88,1067,1070,166,166,1,1,2
Track01975,3,pitch,888,398,1062,1044,166,166,1,1,2
Track01975,3,pitch,888,9,1060,1103,166,166,0,0,0
Track01975,3,shift,888,300,156,665,166,165,1,0,1
Track01975,3,shift,888,364,191,377,166,166,1,1,2
Track01975,3,shift,888,786,438,97,166,166,1,1,2
Track01975,3,shift,888,660,353,750,166,166,0,0,0
Track01975,3,shift,888,338,191,266,166,166,1,1,2
Track01975,3,shift,888,15,5,940,166,166,0,0,0
Track01975,3,velocity,888,838,1133,1132,166,165,1,0,1
Track01975,3,velocity,888,211,1133,1132,166,165,1,0,1
Track01975,3,velocity,888,36,1133,1132,166,165,1,0,1
Track01975,3,velocity,888,117,1132,1133,166,167,0,1,1
Track01975,3,velocity,888,66,1132,1133,166,167,0,1,1
Track01975,3,velocity,888,730,1133,1132,166,165,1,0,1
Track01975,3,drum,888,791,1319,1284,166,166,1,1,2
Track01975,3,drum,888,717,1319,1287,166,166,1,1,2
Track01975,3,drum,888,363,1307,1342,166,166,1,1,2
Track01975,3,drum,888,715,1301,1377,166,166,1,1,2
Track01975,3,drum,888,72,1319,1289,166,166,1,1,2
Track01975,3,drum,888,297,1301,1305,166,166,1,1,2
Track01978,0,program,301,291,1159,1236,45,45,3,3,6
Track01978,0,program,301,76,1159,1261,45,45,1,1,2
Track01978,0,program,301,144,1137,1200,45,45,5,5,10
Track01978,0,program,301,126,1223,1153,45,45,1,1,2
Track01978,0,program,301,283,1167,1136,45,45,1,1,2
Track01978,0,program,301,34,1167,1164,45,45,0,0,0
Track01978,0,pitch,301,81,1064,1020,45,45,1,1,2
Track01978,0,pitch,301,2,1063,1091,45,45,0,0,0
Track01978,0,pitch,301,293,1052,1019,45,45,1,1,2
Track01978,0,pitch,301,88,1075,1068,45,45,0,0,0
Track01978,0,pitch,301,277,1073,1093,45,45,1,1,2
Track01978,0,pitch,301,228,1044,1078,45,45,0,0,0
Track01978,0,shift,301,129,188,203,45,45,0,0,0
Track01978,0,shift,301,258,402,808,45,45,0,0,0
Track01978,0,shift,301,15,3,719,45,44,1,0,1
Track01978,0,shift,301,33,41,742,45,45,0,0,0
Track01978,0,shift,301,247,371,134,45,45,0,0,0
Track01978,0,shift,301,132,206,126,45,45,0,0,0
Track01978,0,velocity,301,171,1133,1132,45,44,1,0,1
Track01978,0,velocity,301,276,1133,1132,45,44,1,0,1
Track01978,0,velocity,301,31,1132,1133,45,46,0,1,1
Track01978,0,velocity,301,123,1133,1132,45,44,1,0,1
Track01978,0,velocity,301,292,1133,1132,45,44,1,0,1
Track01978,0,velocity,301,97,1132,1133,45,46,0,1,1
Track01978,1,program,304,27,1223,1198,41,41,0,0,0
Track01978,1,program,304,145,1167,1221,41,41,1,1,2
Track01978,1,program,304,74,1137,1259,41,41,5,5,10
Track01978,1,program,304,145,1167,1172,41,41,1,1,2
Track01978,1,program,304,284,1137,1255,41,41,2,2,4
Track01978,1,program,304,141,1159,1138,41,41,1,1,2
Track01978,1,pitch,304,178,1051,1075,41,41,0,0,0
Track01978,1,pitch,304,25,1061,1085,41,41,0,0,0
Track01978,1,pitch,304,256,1076,1017,41,41,0,0,0
Track01978,1,pitch,304,216,1044,1021,41,41,0,0,0
Track01978,1,pitch,304,227,1073,1057,41,41,0,0,0
Track01978,1,pitch,304,1,1045,1127,41,41,0,0,0
Track01978,1,shift,304,62,53,600,41,41,0,0,0
Track01978,1,shift,304,69,89,937,41,41,0,0,0
Track01978,1,shift,304,231,332,808,41,41,0,0,0
Track01978,1,shift,304,136,204,471,41,41,0,0,0
Track01978,1,shift,304,200,276,788,41,40,1,0,1
Track01978,1,shift,304,261,392,20,41,41,0,0,0
Track01978,1,velocity,304,212,1133,1132,41,40,1,0,1
Track01978,1,velocity,304,50,1133,1132,41,40,1,0,1
Track01978,1,velocity,304,99,1132,1133,41,42,0,1,1
Track01978,1,velocity,304,255,1132,1133,41,42,0,1,1
Track01978,1,velocity,304,87,1133,1132,41,40,1,0,1
Track01978,1,velocity,304,249,1133,1132,41,40,1,0,1
Track01978,2,program,265,126,1161,1166,31,31,0,0,0
Track01978,2,program,265,97,1135,1204,31,31,1,1,2
Track01978,2,program,265,219,1135,1214,31,31,1,1,2
Track01978,2,program,265,250,1137,1247,31,31,0,0,0
Track01978,2,program,265,219,1135,1213,31,31,1,1,2
Track01978,2,program,265,86,1135,1189,31,31,1,1,2
Track01978,2,pitch,265,13,1073,1051,31,31,0,0,0
Track01978,2,pitch,265,244,1063,1058,31,31,0,0,0
Track01978,2,pitch,265,13,1073,1087,31,31,0,0,0
Track01978,2,pitch,265,252,1051,1115,31,31,0,0,0
Track01978,2,pitch,265,57,1068,1061,31,31,0,0,0
Track01978,2,pitch,265,132,1068,1035,31,31,0,0,0
Track01978,2,shift,265,77,143,240,31,31,0,0,0
Track01978,2,shift,265,261,479,750,31,30,1,0,1
Track01978,2,shift,265,218,455,820,31,30,1,0,1
Track01978,2,shift,265,253,473,108,31,31,0,0,0
Track01978,2,shift,265,230,458,69,31,31,0,0,0
Track01978,2,shift,265,129,272,598,31,31,0,0,0
Track01978,2,velocity,265,101,1133,1132,31,30,1,0,1
Track01978,2,velocity,265,50,1132,1133,31,32,0,1,1
Track01978,2,velocity,265,59,1133,1132,31,30,1,0,1
Track01978,2,velocity,265,216,1132,1133,31,32,0,1,1
Track01978,2,velocity,265,90,1132,1133,31,32,0,1,1
Track01978,2,velocity,265,90,1132,1133,31,32,0,1,1
Track01978,3,program,255,228,1135,1154,38,38,0,0,0
Track01978,3,program,255,228,1135,1254,38,38,0,0,0
Track01978,3,program,255,131,1161,1156,38,38,2,2,4
Track01978,3,program,255,34,1161,1172,38,38,1,1,2
Track01978,3,program,255,131,1161,1154,38,38,2,2,4
Track01978,3,program,255,85,1137,1150,38,38,0,0,0
Track01978,3,pitch,255,140,1068,1006,38,38,0,0,0
Track01978,3,pitch,255,184,1059,1011,38,38,0,0,0
Track01978,3,pitch,255,51,1075,1026,38,38,0,0,0
Track01978,3,pitch,255,214,1045,1010,38,38,1,1,2
Track01978,3,pitch,255,113,1068,1080,38,38,0,0,0
Track01978,3,pitch,255,133,1047,1091,38,38,1,1,2
Track01978,3,shift,255,205,367,397,38,38,1,1,2
Track01978,3,shift,255,211,367,320,38,38,1,1,2
Track01978,3,shift,255,248,502,508,38,38,0,0,0
Track01978,3,shift,255,188,330,879,38,38,0,0,0
Track01978,3,shift,255,202,367,855,38,37,1,0,1
Track01978,3,shift,255,137,222,46,38,38,0,0,0
Track01978,3,velocity,255,128,1133,1132,38,37,1,0,1
Track01978,3,velocity,255,50,1132,1133,38,39,0,1,1
Track01978,3,velocity,255,225,1133,1132,38,37,1,0,1
Track01978,3,velocity,255,65,1133,1132,38,37,1,0,1
Track01978,3,velocity,255,61,1132,1133,38,39,0,1,1
Track01978,3,velocity,255,68,1132,1133,38,39,0,1,1
Track01876,0,shift,371,238,409,575,57,57,0,0,0
Track01876,0,shift,371,350,475,419,57,57,0,0,0
Track01876,0,shift,371,105,219,52,57,57,0,0,0
Track01876,0,shift,371,1,48,377,57,57,1,1,2
Track01876,0,shift,371,342,459,527,57,57,0,0,0
Track01876,0,shift,371,330,458,104,57,57,1,1,2
Track01876,0,program,371,38,1223,1243,57,57,1,1,2
Track01876,0,program,371,46,1161,1141,57,57,1,1,2
Track01876,0,program,371,140,1223,1255,57,57,1,1,2
Track01876,0,program,371,239,1137,1148,57,57,0,0,0
Track01876,0,program,371,295,1161,1244,57,57,1,1,2
Track01876,0,program,371,284,1161,1252,57,57,1,1,2
Track01876,0,velocity,371,91,1132,1133,57,58,0,1,1
Track01876,0,velocity,371,361,1133,1132,57,56,1,0,1
Track01876,0,velocity,371,121,1133,1132,57,56,1,0,1
Track01876,0,velocity,371,300,1132,1133,57,58,0,1,1
Track01876,0,velocity,371,217,1133,1132,57,56,1,0,1
Track01876,0,velocity,371,292,1133,1132,57,56,1,0,1
Track01876,0,pitch,371,237,1055,1086,57,57,1,1,2
Track01876,0,pitch,371,233,1060,1103,57,57,1,1,2
Track01876,0,pitch,371,278,1077,1021,57,57,0,0,0
Track01876,0,pitch,371,308,1065,1073,57,57,0,0,0
Track01876,0,pitch,371,122,1070,1069,57,57,1,1,2
Track01876,0,pitch,371,358,1070,1113,57,57,1,1,2
Track01876,1,program,355,288,1161,1195,42,42,1,1,2
Track01876,1,program,355,272,1137,1185,42,42,0,0,0
Track01876,1,program,355,238,1223,1217,42,42,1,1,2
Track01876,1,program,355,75,1137,1170,42,42,0,0,0
Track01876,1,program,355,17,1223,1153,42,42,0,0,0
Track01876,1,program,355,140,1168,1197,42,42,1,1,2
Track01876,1,pitch,355,30,1070,1056,42,42,0,0,0
Track01876,1,pitch,355,202,1076,1033,42,42,1,1,2
Track01876,1,pitch,355,97,1077,1050,42,42,1,1,2
Track01876,1,pitch,355,165,1070,1050,42,42,0,0,0
Track01876,1,pitch,355,252,1070,1045,42,42,0,0,0
Track01876,1,pitch,355,134,1069,1052,42,42,1,1,2
Track01876,1,shift,355,82,85,689,42,42,0,0,0
Track01876,1,shift,355,102,128,300,42,42,1,1,2
Track01876,1,shift,355,283,401,952,42,41,1,0,1
Track01876,1,shift,355,245,300,920,42,42,0,0,0
Track01876,1,shift,355,306,406,484,42,42,0,0,0
Track01876,1,shift,355,279,367,331,42,42,1,1,2
Track01876,1,velocity,355,179,1133,1132,42,41,1,0,1
Track01876,1,velocity,355,201,1133,1132,42,41,1,0,1
Track01876,1,velocity,355,340,1133,1132,42,41,1,0,1
Track01876,1,velocity,355,304,1132,1133,42,43,0,1,1
Track01876,1,velocity,355,187,1132,1133,42,43,0,1,1
Track01876,1,velocity,355,239,1133,1132,42,41,1,0,1
Track01876,2,program,492,66,1161,1239,80,80,0,0,0
Track01876,2,program,492,206,1151,1204,80,80,2,2,4
Track01876,2,program,492,325,1168,1217,80,80,1,1,2
Track01876,2,program,492,20,1161,1173,80,80,1,1,2
Track01876,2,program,492,56,1161,1230,80,80,1,1,2
Track01876,2,program,492,7,1183,1161,80,80,0,0,0
Track01876,2,pitch,492,289,1093,1092,80,80,0,0,0
Track01876,2,pitch,492,233,1074,1114,80,80,0,0,0
Track01876,2,pitch,492,440,1091,1020,80,80,0,0,0
Track01876,2,pitch,492,460,1038,1083,80,80,0,0,0
Track01876,2,pitch,492,306,1041,1016,80,80,0,0,0
Track01876,2,pitch,492,298,1094,1097,80,80,1,1,2
Track01876,2,shift,492,303,242,87,80,80,0,0,0
Track01876,2,shift,492,277,242,939,80,79,1,0,1
Track01876,2,shift,492,368,310,140,80,80,1,1,2
Track01876,2,shift,492,476,446,962,80,79,1,0,1
Track01876,2,shift,492,105,131,804,80,80,0,0,0
Track01876,2,shift,492,223,173,597,80,79,1,0,1
Track01876,2,velocity,492,232,1132,1133,80,81,0,1,1
Track01876,2,velocity,492,385,1132,1133,80,81,0,1,1
Track01876,2,velocity,492,489,1132,1133,80,81,0,1,1
Track01876,2,velocity,492,396,1133,1132,80,79,1,0,1
Track01876,2,velocity,492,455,1132,1133,80,81,0,1,1
Track01876,2,velocity,492,459,1132,1133,80,81,0,1,1
Track01876,2,drum,492,96,1308,1297,80,80,1,1,2
Track01876,2,drum,492,450,1301,1340,80,80,1,1,2
Track01876,2,drum,492,74,1305,1277,80,80,1,1,2
Track01876,2,drum,492,315,1309,1344,80,80,1,1,2
Track01876,2,drum,492,171,1309,1286,80,80,1,1,2
Track01876,2,drum,492,169,1301,1337,80,80,1,1,2
Track01876,3,program,596,0,1137,1209,101,101,0,0,0
Track01876,3,program,596,288,1168,1196,101,101,0,0,0
Track01876,3,program,596,435,1137,1203,101,101,0,0,0
Track01876,3,program,596,453,1164,1234,101,101,1,1,2
Track01876,3,program,596,551,1161,1239,101,101,0,0,0
Track01876,3,program,596,306,1137,1199,101,101,1,1,2
Track01876,3,pitch,596,135,1089,1080,101,101,0,0,0
Track01876,3,pitch,596,72,1065,1123,101,101,1,1,2
Track01876,3,pitch,596,500,1074,1019,101,101,1,1,2
Track01876,3,pitch,596,459,1063,1018,101,101,1,1,2
Track01876,3,pitch,596,422,1077,1015,101,101,1,1,2
Track01876,3,pitch,596,283,1082,1088,101,101,0,0,0
Track01876,3,shift,596,430,385,422,101,101,0,0,0
Track01876,3,shift,596,548,458,778,101,100,1,0,1
Track01876,3,shift,596,136,143,675,101,101,0,0,0
Track01876,3,shift,596,430,385,336,101,101,0,0,0
Track01876,3,shift,596,434,386,902,101,101,0,0,0
Track01876,3,shift,596,482,417,766,101,101,0,0,0
Track01876,3,velocity,596,381,1133,1132,101,100,1,0,1
Track01876,3,velocity,596,181,1133,1132,101,100,1,0,1
Track01876,3,velocity,596,468,1133,1132,101,100,1,0,1
Track01876,3,velocity,596,234,1133,1132,101,100,1,0,1
Track01876,3,velocity,596,321,1133,1132,101,100,1,0,1
Track01876,3,velocity,596,207,1132,1133,101,102,0,1,1
Track01876,3,drum,596,161,1308,1285,101,101,1,1,2
Track01876,3,drum,596,587,1307,1283,101,101,1,1,2
Track01876,3,drum,596,56,1307,1384,101,101,1,1,2
Track01876,3,drum,596,324,1301,1321,101,101,1,1,2
Track01876,3,drum,596,389,1311,1314,101,101,1,1,2
Track01876,3,drum,596,74,1301,1358,101,101,1,1,2
Track02047,0,program,880,142,1137,1207,160,160,4,4,8
Track02047,0,program,880,832,1168,1256,160,160,1,1,2
Track02047,0,program,880,349,1135,1236,160,160,0,0,0
Track02047,0,program,880,544,1168,1197,160,160,0,0,0
Track02047,0,program,880,105,1135,1184,160,160,1,1,2
Track02047,0,program,880,571,1168,1263,160,160,1,1,2
Track02047,0,pitch,880,2,1063,1096,160,160,0,0,0
Track02047,0,pitch,880,728,1037,1125,160,160,0,0,0
Track02047,0,pitch,880,354,1070,1019,160,160,0,0,0
Track02047,0,pitch,880,228,1066,1113,160,160,0,0,0
Track02047,0,pitch,880,758,1059,1085,160,160,1,1,2
Track02047,0,pitch,880,96,1061,1019,160,160,0,0,0
Track02047,0,shift,880,422,235,592,160,160,0,0,0
Track02047,0,shift,880,38,34,690,160,159,1,0,1
Track02047,0,shift,880,483,258,15,160,160,0,0,0
Track02047,0,shift,880,93,87,458,160,160,0,0,0
Track02047,0,shift,880,640,334,829,160,160,0,0,0
Track02047,0,shift,880,380,220,299,160,160,1,1,2
Track02047,0,velocity,880,850,1132,1133,160,161,0,1,1
Track02047,0,velocity,880,405,1132,1133,160,161,0,1,1
Track02047,0,velocity,880,284,1132,1133,160,161,0,1,1
Track02047,0,velocity,880,388,1133,1132,160,159,1,0,1
Track02047,0,velocity,880,27,1133,1132,160,159,1,0,1
Track02047,0,velocity,880,274,1132,1133,160,161,0,1,1
Track02047,0,drum,880,488,1307,1382,160,160,1,1,2
Track02047,0,drum,880,734,1307,1365,160,160,1,1,2
Track02047,0,drum,880,517,1307,1279,160,160,1,1,2
Track02047,0,drum,880,337,1307,1392,160,160,1,1,2
Track02047,0,drum,880,37,1301,1377,160,160,1,1,2
Track02047,0,drum,880,722,1301,1302,160,160,1,1,2
Track02047,1,program,896,679,1161,1243,167,167,3,3,6
Track02047,1,program,896,13,1161,1148,167,167,0,0,0
Track02047,1,program,896,544,1135,1264,167,167,0,0,0
Track02047,1,program,896,7,1161,1221,167,167,0,0,0
Track02047,1,program,896,137,1168,1219,167,167,1,1,2
Track02047,1,program,896,506,1168,1146,167,167,1,1,2
Track02047,1,pitch,896,590,1032,1118,167,167,1,1,2
Track02047,1,pitch,896,766,1066,1007,167,167,0,0,0
Track02047,1,pitch,896,200,1059,1034,167,167,0,0,0
Track02047,1,pitch,896,392,1065,1022,167,167,1,1,2
Track02047,1,pitch,896,758,1063,1103,167,167,1,1,2
Track02047,1,pitch,896,707,1071,1029,167,167,0,0,0
Track02047,1,shift,896,24,12,914,167,166,1,0,1
Track02047,1,shift,896,265,125,660,167,167,0,0,0
Track02047,1,shift,896,816,450,39,167,167,1,1,2
Track02047,1,shift,896,16,5,9,167,167,0,0,0
Track02047,1,shift,896,146,86,54,167,167,0,0,0
Track02047,1,shift,896,738,398,609,167,167,0,0,0
Track02047,1,velocity,896,872,1133,1132,167,166,1,0,1
Track02047,1,velocity,896,706,1132,1133,167,168,0,1,1
Track02047,1,velocity,896,859,1133,1132,167,166,1,0,1
Track02047,1,velocity,896,213,1132,1133,167,168,0,1,1
Track02047,1,velocity,896,260,1132,1133,167,168,0,1,1
Track02047,1,velocity,896,757,1133,1132,167,166,1,0,1
Track02047,1,drum,896,250,1307,1272,167,167,1,1,2
Track02047,1,drum,896,697,1307,1367,167,167,1,1,2
Track02047,1,drum,896,888,1301,1383,167,167,1,1,2
Track02047,1,drum,896,121,1301,1364,167,167,1,1,2
Track02047,1,drum,896,797,1303,1354,167,167,1,1,2
Track02047,1,drum,896,784,1307,1372,167,167,1,1,2
Track02047,2,program,1019,413,1161,1140,184,184,0,0,0
Track02047,2,program,1019,423,1168,1161,184,184,0,0,0
Track02047,2,program,1019,111,1168,1151,184,184,1,1,2
Track02047,2,program,1019,672,1168,1201,184,184,0,0,0
Track02047,2,program,1019,501,1135,1232,184,184,3,3,6
Track02047,2,program,1019,511,1137,1217,184,184,3,3,6
Track02047,2,pitch,1019,68,1066,1113,184,184,0,0,0
Track02047,2,pitch,1019,440,1073,1023,184,184,1,1,2
Track02047,2,pitch,1019,826,1070,1098,184,184,1,1,2
Track02047,2,pitch,1019,38,1070,1028,184,184,0,0,0
Track02047,2,pitch,1019,6,1063,1038,184,184,0,0,0
Track02047,2,pitch,1019,80,1070,1095,184,184,1,1,2
Track02047,2,shift,1019,544,202,984,184,183,1,0,1
Track02047,2,shift,1019,762,401,615,184,183,1,0,1
Track02047,2,shift,1019,532,202,57,184,184,0,0,0
Track02047,2,shift,1019,81,16,620,184,183,1,0,1
Track02047,2,shift,1019,14,3,46,184,184,5,5,10
Track02047,2,shift,1019,232,78,888,184,184,0,0,0
Track02047,2,velocity,1019,465,1132,1133,184,185,0,1,1
Track02047,2,velocity,1019,735,1133,1132,184,183,1,0,1
Track02047,2,velocity,1019,417,1132,1133,184,185,0,1,1
Track02047,2,velocity,1019,178,1132,1133,184,185,0,1,1
Track02047,2,velocity,1019,377,1133,1132,184,183,1,0,1
Track02047,2,velocity,1019,95,1132,1133,184,185,0,1,1
Track02047,2,drum,1019,727,1307,1288,184,184,1,1,2
Track02047,2,drum,1019,499,1307,1390,184,184,1,1,2
Track02047,2,drum,1019,633,1307,1324,184,184,1,1,2
Track02047,2,drum,1019,618,1307,1365,184,184,1,1,2
Track02047,2,drum,1019,361,1307,1346,184,184,1,1,2
Track02047,2,drum,1019,881,1307,1338,184,184,1,1,2
Track02047,3,program,1097,491,1135,1154,200,200,3,3,6
Track02047,3,program,1097,247,1135,1258,200,200,0,0,0
Track02047,3,program,1097,630,1201,1173,200,200,1,1,2
Track02047,3,program,1097,454,1161,1210,200,200,3,3,6
Track02047,3,program,1097,623,1196,1226,200,200,2,2,4
Track02047,3,program,1097,254,1196,1219,200,200,0,0,0
Track02047,3,pitch,1097,482,1063,1124,200,200,0,0,0
Track02047,3,pitch,1097,156,1070,1022,200,200,1,1,2
Track02047,3,pitch,1097,504,1068,1069,200,200,1,1,2
Track02047,3,pitch,1097,752,1073,1055,200,200,0,0,0
Track02047,3,pitch,1097,999,1070,1064,200,200,1,1,2
Track02047,3,pitch,1097,125,1037,1019,200,200,1,1,2
Track02047,3,shift,1097,1065,499,137,200,200,1,1,2
Track02047,3,shift,1097,1040,480,281,200,200,0,0,0
Track02047,3,shift,1097,110,61,308,200,200,0,0,0
Track02047,3,shift,1097,668,353,431,200,200,1,1,2
Track02047,3,shift,1097,855,419,614,200,199,1,0,1
Track02047,3,shift,1097,442,194,638,200,200,0,0,0
Track02047,3,drum,1097,1093,1304,1318,200,200,1,1,2
Track02047,3,drum,1097,180,1307,1317,200,200,1,1,2
Track02047,3,drum,1097,903,1307,1292,200,200,1,1,2
Track02047,3,drum,1097,1091,1303,1340,200,200,1,1,2
Track02047,3,drum,1097,552,1307,1305,200,200,1,1,2
Track02047,3,drum,1097,1022,1307,1269,200,200,1,1,2
Track02047,3,velocity,1097,329,1132,1133,200,201,0,1,1
Track02047,3,velocity,1097,465,1133,1132,200,199,1,0,1
Track02047,3,velocity,1097,539,1132,1133,200,201,0,1,1
Track02047,3,velocity,1097,529,1133,1132,200,199,1,0,1
Track02047,3,velocity,1097,166,1133,1132,200,199,1,0,1
Track02047,3,velocity,1097,255,1132,1133,200,201,0,1,1
Track01993,0,program,273,2,1137,1209,60,60,0,0,0
Track01993,0,program,273,86,1135,1208,60,60,1,1,2
Track01993,0,program,273,138,1167,1226,60,60,1,1,2
Track01993,0,program,273,113,1135,1219,60,60,2,2,4
Track01993,0,program,273,138,1167,1220,60,60,1,1,2
Track01993,0,program,273,149,1135,1176,60,60,1,1,2
Track01993,0,pitch,273,52,1068,1105,60,60,0,0,0
Track01993,0,pitch,273,74,1088,1073,60,60,0,0,0
Track01993,0,pitch,273,43,1045,1059,60,60,0,0,0
Track01993,0,pitch,273,134,1087,1083,60,60,1,1,2
Track01993,0,pitch,273,134,1087,1049,60,60,1,1,2
Track01993,0,pitch,273,262,1042,1070,60,60,0,0,0
Track01993,0,shift,273,218,450,740,60,60,0,0,0
Track01993,0,shift,273,155,292,890,60,59,1,0,1
Track01993,0,shift,273,40,133,925,60,60,0,0,0
Track01993,0,shift,273,231,450,507,60,60,0,0,0
Track01993,0,shift,273,197,449,524,60,60,0,0,0
Track01993,0,shift,273,82,134,803,60,60,0,0,0
Track01993,0,velocity,273,73,1132,1133,60,61,0,1,1
Track01993,0,velocity,273,87,1133,1132,60,59,1,0,1
Track01993,0,velocity,273,153,1133,1132,60,59,1,0,1
Track01993,0,velocity,273,233,1132,1133,60,61,0,1,1
Track01993,0,velocity,273,110,1132,1133,60,61,0,1,1
Track01993,0,velocity,273,146,1132,1133,60,61,0,1,1
Track01993,0,drum,273,23,1307,1279,60,60,1,1,2
Track01993,0,drum,273,23,1307,1274,60,60,1,1,2
Track01993,0,drum,273,189,1311,1372,60,60,1,1,2
Track01993,0,drum,273,181,1307,1272,60,60,1,1,2
Track01993,0,drum,273,25,1305,1300,60,60,1,1,2
Track01993,0,drum,273,144,1307,1308,60,60,1,1,2
Track01993,1,program,246,99,1135,1158,58,58,1,1,2
Track01993,1,program,246,172,1135,1176,58,58,1,1,2
Track01993,1,program,246,4,1185,1231,58,58,0,0,0
Track01993,1,program,246,212,1167,1136,58,58,1,1,2
Track01993,1,program,246,72,1135,1242,58,58,0,0,0
Track01993,1,program,246,159,1167,1246,58,58,1,1,2
Track01993,1,pitch,246,87,1042,1052,58,58,0,0,0
Track01993,1,pitch,246,157,1068,1023,58,58,1,1,2
Track01993,1,pitch,246,43,1063,1081,58,58,0,0,0
Track01993,1,pitch,246,147,1080,1019,58,58,1,1,2
Track01993,1,pitch,246,118,1068,1050,58,58,0,0,0
Track01993,1,pitch,246,118,1068,1126,58,58,0,0,0
Track01993,1,shift,246,30,29,999,58,57,1,0,1
Track01993,1,shift,246,113,265,776,58,58,0,0,0
Track01993,1,shift,246,106,265,314,58,58,0,0,0
Track01993,1,shift,246,191,384,691,58,58,0,0,0
Track01993,1,shift,246,44,68,709,58,58,0,0,0
Track01993,1,shift,246,186,364,391,58,58,0,0,0
Track01993,1,velocity,246,220,1132,1133,58,59,0,1,1
Track01993,1,velocity,246,150,1133,1132,58,57,1,0,1
Track01993,1,velocity,246,100,1133,1132,58,57,1,0,1
Track01993,1,velocity,246,12,1132,1133,58,59,0,1,1
Track01993,1,velocity,246,156,1133,1132,58,57,1,0,1
Track01993,1,velocity,246,56,1133,1132,58,57,1,0,1
Track01993,1,drum,246,210,1307,1332,58,58,1,1,2
Track01993,1,drum,246,103,1307,1285,58,58,1,1,2
Track01993,1,drum,246,190,1307,1286,58,58,1,1,2
Track01993,1,drum,246,97,1307,1372,58,58,1,1,2
Track01993,1,drum,246,240,1307,1391,58,58,1,1,2
Track01993,1,drum,246,242,1307,1336,58,58,1,1,2
Track01993,2,program,258,47,1137,1244,61,61,0,0,0
Track01993,2,program,258,211,1135,1263,61,61,1,1,2
Track01993,2,program,258,140,1135,1154,61,61,2,2,4
Track01993,2,program,258,120,1135,1193,61,61,1,1,2
Track01993,2,program,258,215,1137,1186,61,61,3,3,6
Track01993,2,program,258,61,1137,1146,61,61,3,3,6
Track01993,2,pitch,258,206,1061,1100,61,61,0,0,0
Track01993,2,pitch,258,3,1066,1059,61,61,0,0,0
Track01993,2,pitch,258,111,1033,1064,61,61,1,1,2
Track01993,2,pitch,258,223,1071,1023,61,61,1,1,2
Track01993,2,pitch,258,55,1066,1026,61,61,0,0,0
Track01993,2,pitch,258,45,1073,1120,61,61,1,1,2
Track01993,2,shift,258,243,457,47,61,61,1,1,2
Track01993,2,shift,258,162,358,235,61,61,1,1,2
Track01993,2,shift,258,56,82,296,61,61,1,1,2
Track01993,2,shift,258,60,82,494,61,61,1,1,2
Track01993,2,shift,258,255,496,590,61,60,1,0,1
Track01993,2,shift,258,185,396,497,61,61,1,1,2
Track01993,2,drum,258,11,1305,1275,61,61,1,1,2
Track01993,2,drum,258,93,1307,1295,61,61,1,1,2
Track01993,2,drum,258,233,1307,1373,61,61,1,1,2
Track01993,2,drum,258,242,1307,1346,61,61,1,1,2
Track01993,2,drum,258,144,1307,1348,61,61,1,1,2
Track01993,2,drum,258,113,1300,1351,61,61,1,1,2
Track01993,2,velocity,258,202,1132,1133,61,62,0,1,1
Track01993,2,velocity,258,195,1133,1132,61,60,1,0,1
Track01993,2,velocity,258,171,1132,1133,61,62,0,1,1
Track01993,2,velocity,258,29,1132,1133,61,62,0,1,1
Track01993,2,velocity,258,189,1133,1132,61,60,1,0,1
Track01993,2,velocity,258,99,1132,1133,61,62,0,1,1
Track01993,3,program,251,187,1137,1205,58,58,0,0,0
Track01993,3,program,251,218,1135,1179,58,58,0,0,0
Track01993,3,program,251,222,1167,1244,58,58,1,1,2
Track01993,3,program,251,101,1135,1198,58,58,0,0,0
Track01993,3,program,251,148,1135,1235,58,58,0,0,0
Track01993,3,program,251,181,1135,1245,58,58,0,0,0
Track01993,3,pitch,251,84,1066,1069,58,58,0,0,0
Track01993,3,pitch,251,93,1061,1120,58,58,1,1,2
Track01993,3,pitch,251,67,1080,1078,58,58,1,1,2
Track01993,3,pitch,251,8,1066,1112,58,58,0,0,0
Track01993,3,pitch,251,87,1071,1047,58,58,0,0,0
Track01993,3,pitch,251,123,1081,1067,58,58,1,1,2
Track01993,3,shift,251,217,371,535,58,58,0,0,0
Track01993,3,shift,251,134,214,107,58,58,1,1,2
Track01993,3,shift,251,15,16,402,58,58,1,1,2
Track01993,3,shift,251,248,490,921,58,57,1,0,1
Track01993,3,shift,251,163,273,634,58,57,1,0,1
Track01993,3,shift,251,100,213,180,58,58,0,0,0
Track01993,3,velocity,251,13,1133,1132,58,57,1,0,1
Track01993,3,velocity,251,92,1133,1132,58,57,1,0,1
Track01993,3,velocity,251,89,1133,1132,58,57,1,0,1
Track01993,3,velocity,251,66,1133,1132,58,57,1,0,1
Track01993,3,velocity,251,80,1132,1133,58,59,0,1,1
Track01993,3,velocity,251,19,1133,1132,58,57,1,0,1
Track01993,3,drum,251,185,1307,1383,58,58,1,1,2
Track01993,3,drum,251,211,1300,1322,58,58,1,1,2
Track01993,3,drum,251,139,1300,1305,58,58,1,1,2
Track01993,3,drum,251,42,1307,1342,58,58,1,1,2
Track01993,3,drum,251,177,1305,1265,58,58,1,1,2
Track01993,3,drum,251,139,1300,1301,58,58,1,1,2
