track,duration_s,n_notes,density_notes_per_s,polyphony_mean,polyphony_p95,drum_share,median_dur_s,mean_pitch,n_groups,groups,n_chunks,tokens_total,tokens_per_note,chunk_tokens_max,chunk_tokens_mean,empty_chunks,durfrac_0.0-0.1,durfrac_0.1-0.25,durfrac_0.25-0.5,durfrac_0.5-1.0,durfrac_1.0-2.0,durfrac_>=2.0,split
Track00003,213.09,8069,38.322,5.146,11.0,0.2257,0.13,53.88,7,acoustic_piano:2089;drums:1821;acoustic_guitar:1652;distorted_electric_guitar:1100;clean_electric_guitar:618;electric_bass:577;singleton_110:212,43,48624,6.026,1645,1130.8,0,0.4076,0.3518,0.1889,0.0402,0.0064,0.0051,train
Track00016,194.49,5166,27.458,4.226,9.0,0.4324,0.13,55.84,14,drums:2234;electric_piano:810;clean_electric_guitar:653;string_ensemble:567;electric_bass:377;brass_section:276;flutes:104;orchestral_harp:53;acoustic_piano:45;timpani:24;distorted_electric_guitar:12;singleton_125:5;oboe:4;chromatic_percussion:2,40,25299,4.897,1025,632.5,0,0.4334,0.295,0.1516,0.0339,0.0397,0.0465,train
Track00022,204.33,5330,26.085,5.545,10.0,0.333,0.11,55.77,9,string_ensemble:2037;drums:1775;clean_electric_guitar:637;acoustic_piano:435;electric_bass:312;synth_strings:69;synth_pad:37;singleton_115:20;singleton_119:8,41,28040,5.261,1247,683.9,0,0.3328,0.6388,0.0171,0.0051,0.0008,0.0054,train
Track00023,265.2,5503,20.997,7.967,17.0,0.2102,0.19,55.53,8,acoustic_piano:1558;acoustic_guitar:1461;drums:1157;tenor_sax:341;string_ensemble:331;electric_bass:279;distorted_electric_guitar:256;synth_pad:120,54,32564,5.917,973,603.0,0,0.0596,0.6436,0.1347,0.052,0.0427,0.0674,train
Track00036,203.73,5977,29.76,1.951,5.0,0.1615,0.06,55.16,6,acoustic_guitar:4189;drums:965;electric_bass:330;electric_piano:297;organ:171;acoustic_piano:25,42,34651,5.797,1135,825.0,0,0.565,0.1054,0.1656,0.0992,0.0545,0.0102,train
Track00045,223.41,4372,19.762,8.028,15.0,0.1075,0.33,58.57,6,acoustic_piano:1513;string_ensemble:798;electric_piano:754;acoustic_guitar:670;drums:470;acoustic_bass:167,47,29449,6.736,1081,626.6,0,0.1416,0.2802,0.2198,0.1624,0.1377,0.0583,train
Track00051,221.94,3276,14.934,4.816,11.0,0.4228,0.29,56.01,7,drums:1385;acoustic_guitar:742;electric_piano:386;organ:333;electric_bass:230;voice:104;distorted_electric_guitar:96,46,16852,5.144,538,366.3,0,0.4362,0.043,0.1621,0.1545,0.0965,0.1078,train
Track00058,238.04,7576,32.289,6.56,14.0,0.3969,0.03,53.02,10,drums:3007;synth_pad:1346;electric_bass:841;brass_section:518;electric_piano:516;voice:480;clean_electric_guitar:376;string_ensemble:228;distorted_electric_guitar:152;acoustic_piano:112,49,39735,5.245,1187,810.9,0,0.6036,0.3106,0.0191,0.0074,0.0579,0.0013,train
Track00068,295.5,2893,9.925,6.773,16.0,0.2803,0.45,54.5,9,drums:811;acoustic_piano:619;string_ensemble:519;soprano_and_alto_sax:417;distorted_electric_guitar:268;electric_bass:198;synth_pad:31;viola:18;french_horn:12,60,15967,5.519,441,266.1,0,0.0138,0.3436,0.1552,0.0857,0.1604,0.2413,train
Track00081,183.9,6179,34.18,8.235,14.0,0.3612,0.13,61.09,8,drums:2232;clean_electric_guitar:1336;acoustic_piano:1235;acoustic_bass:308;soprano_and_alto_sax:290;organ:287;synth_strings:261;voice:230,38,32523,5.263,1115,855.9,0,0.3412,0.4352,0.0778,0.0384,0.085,0.0225,train
Track00093,284.57,3868,13.758,6.854,15.0,0.294,0.54,58.45,9,electric_piano:1436;drums:1137;flutes:427;string_ensemble:377;electric_bass:155;french_horn:131;acoustic_piano:93;distorted_electric_guitar:82;voice:30,59,21653,5.598,751,367.0,0,0.0023,0.3826,0.1075,0.3317,0.1125,0.0633,train
Track00103,262.23,7736,29.976,5.635,12.0,0.4651,0.05,60.1,12,drums:3598;clean_electric_guitar:919;synth_lead:658;electric_piano:642;voice:449;singleton_108:405;acoustic_bass:343;brass_section:341;acoustic_piano:171;string_ensemble:138;synth_pad:60;singleton_116:12,53,37579,4.858,1030,709.0,0,0.5989,0.2089,0.1435,0.0332,0.0103,0.0052,train
Track00110,210.67,5007,24.279,3.077,7.0,0.306,0.17,54.53,11,acoustic_guitar:1874;drums:1532;electric_piano:617;electric_bass:340;synth_lead:217;clean_electric_guitar:168;string_ensemble:157;chromatic_percussion:45;voice:26;trombone:24;singleton_120:7,43,27929,5.578,892,649.5,0,0.3555,0.2431,0.1801,0.1704,0.0246,0.0264,train
Track00135,283.53,5726,20.423,2.828,6.0,0.2309,0.2,57.94,11,acoustic_piano:2170;drums:1322;organ:765;acoustic_bass:445;clean_electric_guitar:369;electric_piano:318;string_ensemble:149;soprano_and_alto_sax:74;acoustic_guitar:72;synth_strings:40;voice:2,58,34094,5.954,958,587.8,0,0.3481,0.2859,0.2284,0.0522,0.0575,0.0279,train
Track00147,294.3,7597,25.989,5.902,12.0,0.4572,0.06,54.72,9,drums:3473;electric_piano:1521;clean_electric_guitar:854;acoustic_bass:713;chromatic_percussion:434;soprano_and_alto_sax:294;string_ensemble:218;synth_pad:65;acoustic_guitar:25,59,35795,4.712,1136,606.7,0,0.5604,0.2064,0.1032,0.0566,0.0515,0.022,train
Track00177,242.28,8395,35.084,3.466,7.0,0.3488,0.13,57.22,13,drums:2928;clean_electric_guitar:1252;acoustic_piano:850;acoustic_bass:804;string_ensemble:536;trombone:389;synth_pad:313;acoustic_guitar:303;trumpet:290;electric_piano:220;brass_section:207;flutes:185;organ:118,49,46634,5.555,1334,951.7,0,0.4253,0.3371,0.08,0.0573,0.0723,0.028,train
Track00182,265.51,4868,18.859,4.06,10.0,0.3817,0.23,58.11,12,drums:1858;acoustic_piano:735;acoustic_guitar:527;flutes:409;synth_pad:330;voice:299;electric_bass:252;string_ensemble:191;clean_electric_guitar:109;distorted_electric_guitar:97;singleton_96:31;cello:30,54,25838,5.308,857,478.5,0,0.4133,0.1171,0.13,0.1027,0.1243,0.1126,train
Track00192,222.44,5601,25.629,5.912,9.0,0.2982,0.16,51.31,10,drums:1670;distorted_electric_guitar:1092;electric_bass:771;voice:490;synth_lead:455;clean_electric_guitar:455;synth_pad:343;acoustic_piano:307;string_ensemble:14;singleton_122:4,46,32988,5.89,1004,717.1,0,0.3646,0.3949,0.1277,0.0152,0.0653,0.0323,train
Track00195,270.97,4734,17.752,4.169,11.0,0.5097,0.01,51.73,10,drums:2413;acoustic_piano:648;soprano_and_alto_sax:401;singleton_118:360;synth_strings:315;clean_electric_guitar:306;acoustic_bass:148;synth_pad:87;flutes:34;distorted_electric_guitar:22,56,22677,4.79,715,404.9,0,0.6432,0.0746,0.0843,0.1063,0.0279,0.0638,train
Track00197,195.0,4344,22.277,5.861,11.0,0.4346,0.19,44.11,6,distorted_electric_guitar:1944;drums:1888;acoustic_piano:258;flutes:148;string_ensemble:56;electric_bass:50,40,19295,4.442,933,482.4,0,0.2136,0.6478,0.0589,0.0313,0.0,0.0483,train
Track00200,228.52,2682,11.932,8.806,17.0,0.192,0.7,56.88,10,acoustic_piano:856;drums:515;acoustic_guitar:374;string_ensemble:337;flutes:280;electric_bass:145;electric_piano:78;french_horn:70;orchestral_harp:14;violin:13,47,16293,6.075,630,346.7,0,0.1961,0.0977,0.1033,0.3893,0.1499,0.0638,train
Track00218,258.75,7344,29.134,4.376,11.0,0.294,0.2,56.9,8,acoustic_guitar:2337;drums:2159;acoustic_piano:1574;acoustic_bass:483;string_ensemble:351;synth_strings:200;organ:152;clean_electric_guitar:88,52,41212,5.612,1206,792.5,0,0.3702,0.2258,0.1438,0.1468,0.0969,0.0165,train
Track00220,211.17,9108,44.488,5.705,13.0,0.3595,0.09,58.08,11,drums:3274;clean_electric_guitar:2740;acoustic_piano:993;acoustic_bass:751;electric_piano:469;string_ensemble:430;acoustic_guitar:279;distorted_electric_guitar:57;voice:49;brass_section:48;soprano_and_alto_sax:18,43,47582,5.224,1444,1106.6,0,0.5327,0.2212,0.1486,0.0428,0.0337,0.021,train
Track00238,189.96,5275,27.769,4.783,10.0,0.2974,0.24,56.38,6,clean_electric_guitar:2136;drums:1569;organ:515;synth_lead:515;acoustic_bass:305;acoustic_piano:235,39,28282,5.362,1245,725.2,0,0.3126,0.4265,0.168,0.0633,0.0292,0.0004,train
Track00243,240.37,7579,31.531,5.947,10.0,0.2942,0.08,52.17,7,drums:2230;electric_piano:2061;acoustic_piano:1294;organ:639;electric_bass:588;chromatic_percussion:588;distorted_electric_guitar:179,49,43255,5.707,1206,882.8,0,0.7132,0.1936,0.065,0.0282,0.0,0.0,train
Track00245,159.27,3964,25.253,5.205,10.0,0.2185,0.18,55.47,6,acoustic_guitar:2151;drums:866;acoustic_piano:531;acoustic_bass:193;singleton_110:136;synth_strings:87,33,22739,5.736,818,689.1,0,0.3761,0.2031,0.1559,0.1811,0.0505,0.0333,train
Track00255,223.81,3732,16.818,6.561,17.0,0.2428,0.31,57.53,10,drums:906;acoustic_piano:676;distorted_electric_guitar:657;string_ensemble:386;electric_bass:323;synth_pad:316;synth_lead:252;electric_piano:204;singleton_127:10;singleton_119:2,46,21999,5.895,841,478.2,0,0.3017,0.0986,0.1377,0.2867,0.1525,0.0228,train
Track00283,281.75,5983,21.387,4.536,9.0,0.4974,0.03,55.4,7,drums:2976;acoustic_bass:1022;synth_strings:618;voice:511;clean_electric_guitar:496;string_ensemble:273;electric_piano:87,57,27768,4.641,702,487.2,0,0.5855,0.2876,0.0313,0.0553,0.0304,0.0099,train
Track00302,207.18,4514,22.162,4.004,9.0,0.3839,0.06,57.59,9,drums:1733;clean_electric_guitar:1160;electric_bass:377;electric_piano:292;voice:252;flutes:215;organ:196;string_ensemble:166;acoustic_piano:123,42,23505,5.207,787,559.6,0,0.5924,0.0527,0.0824,0.1533,0.0738,0.0454,train
Track00309,220.65,11096,50.584,8.864,14.0,0.3277,0.16,57.25,9,drums:3636;acoustic_guitar:2408;clean_electric_guitar:1803;voice:1396;distorted_electric_guitar:932;acoustic_bass:591;synth_strings:150;electric_piano:121;electric_bass:59,45,57208,5.156,1695,1271.3,0,0.2108,0.656,0.1139,0.0058,0.0079,0.0056,train
Track00327,193.08,6797,35.674,7.128,13.0,0.1901,0.15,57.42,7,acoustic_guitar:4016;drums:1292;voice:703;electric_bass:292;soprano_and_alto_sax:241;clean_electric_guitar:193;electric_piano:60,39,38916,5.725,1409,997.8,0,0.2504,0.4237,0.2725,0.0228,0.0263,0.0043,train
Track00338,263.2,3115,12.051,3.758,8.0,0.26,0.25,60.25,11,drums:810;electric_piano:710;clarinet:410;acoustic_guitar:280;brass_section:210;string_ensemble:186;distorted_electric_guitar:182;electric_bass:178;voice:80;synth_pad:36;oboe:33,53,19027,6.108,624,359.0,0,0.3127,0.1525,0.1133,0.1531,0.1599,0.1085,train
Track00362,228.68,4270,18.875,5.111,10.0,0.1991,0.4,56.64,6,acoustic_piano:1696;drums:850;organ:625;distorted_electric_guitar:417;voice:397;electric_bass:285,47,25930,6.073,1131,551.7,0,0.1351,0.1733,0.4696,0.1143,0.0986,0.0091,train
Track00378,236.36,4468,19.198,3.528,7.0,0.3158,0.2,61.7,10,drums:1411;clean_electric_guitar:1244;organ:617;flutes:466;electric_piano:245;electric_bass:245;acoustic_guitar:120;synth_pad:94;acoustic_piano:14;distorted_electric_guitar:12,48,24346,5.449,821,507.2,0,0.3812,0.2513,0.1258,0.1209,0.0824,0.0385,train
Track00389,208.99,6742,32.26,6.364,14.0,0.5306,0.14,57.19,6,drums:3577;acoustic_piano:844;electric_piano:772;acoustic_guitar:642;string_ensemble:600;electric_bass:307,43,30573,4.535,867,711.0,0,0.0171,0.5863,0.1406,0.1023,0.1115,0.0421,train
Track00392,209.68,8598,41.325,3.96,8.0,0.2026,0.06,64.51,9,electric_piano:5454;drums:1742;string_ensemble:508;acoustic_bass:448;organ:323;clean_electric_guitar:75;chromatic_percussion:45;synth_pad:2;synth_strings:1,42,48714,5.666,1611,1159.9,0,0.6995,0.2461,0.0405,0.0064,0.0034,0.0042,train
Track00400,179.4,3970,22.277,8.004,17.0,0.2443,0.5,57.0,6,acoustic_guitar:1396;drums:970;acoustic_piano:689;clean_electric_guitar:453;string_ensemble:321;electric_bass:141,37,23680,5.965,845,640.0,0,0.101,0.2025,0.1882,0.2428,0.1665,0.099,train
Track00415,320.73,8322,26.106,3.602,7.0,0.5447,0.01,56.97,8,drums:4533;clean_electric_guitar:1299;acoustic_bass:839;distorted_electric_guitar:456;voice:366;electric_piano:322;string_ensemble:315;synth_pad:192,65,37722,4.533,853,580.3,0,0.5858,0.273,0.0552,0.0078,0.0123,0.066,train
Track00419,275.2,4927,18.114,5.091,12.0,0.2683,0.4,56.57,8,acoustic_guitar:1732;drums:1322;electric_piano:391;electric_bass:353;organ:324;brass_section:300;tenor_sax:300;string_ensemble:205,56,28129,5.709,1130,502.3,0,0.1202,0.315,0.2324,0.1378,0.0893,0.1053,train
Track00421,359.75,3505,9.743,3.832,9.0,0.3655,0.25,57.19,7,acoustic_piano:1398;drums:1281;singleton_99:260;distorted_electric_guitar:228;acoustic_bass:222;string_ensemble:64;synth_pad:52,73,17552,5.008,378,240.4,0,0.0023,0.0431,0.7655,0.0462,0.0648,0.0782,train
Track00441,199.27,6240,31.314,4.099,8.0,0.2115,0.1,50.28,7,distorted_electric_guitar:1779;clean_electric_guitar:1581;drums:1320;electric_bass:568;flutes:348;soprano_and_alto_sax:342;acoustic_piano:302,41,37580,6.022,1298,916.6,0,0.4375,0.4159,0.0862,0.0442,0.0115,0.0046,train
Track00442,172.29,3277,19.211,7.621,15.0,0.1837,0.43,58.29,9,acoustic_piano:677;electric_piano:677;clean_electric_guitar:677;drums:602;synth_lead:252;acoustic_bass:209;trumpet:61;french_horn:61;brass_section:61,35,19539,5.962,1042,558.3,0,0.1837,0.2133,0.3998,0.0449,0.1456,0.0128,train
Track00457,225.03,7646,34.701,4.12,9.0,0.2052,0.15,55.88,9,acoustic_guitar:2096;electric_piano:1734;drums:1569;clean_electric_guitar:804;electric_bass:542;string_ensemble:360;synth_pad:356;trumpet:122;chromatic_percussion:63,46,45881,6.001,1986,997.4,0,0.3296,0.3245,0.1932,0.0922,0.0428,0.0178,train
Track00500,287.0,4895,17.221,7.022,12.0,0.229,0.32,62.19,8,acoustic_guitar:1746;acoustic_piano:1178;drums:1121;clean_electric_guitar:407;acoustic_bass:255;orchestral_harp:108;string_ensemble:76;orchestra_hit:4,59,28817,5.887,829,488.4,0,0.1422,0.3028,0.4129,0.086,0.0394,0.0168,train
Track00508,363.24,11472,31.845,3.473,7.0,0.4639,0.07,56.27,9,drums:5322;clean_electric_guitar:2402;electric_bass:1306;voice:1087;brass_section:416;electric_piano:378;synth_pad:378;chromatic_percussion:143;string_ensemble:40,73,55112,4.804,1657,755.0,0,0.6179,0.2694,0.0423,0.0103,0.0421,0.0181,train
Track00510,210.61,8566,41.308,3.947,8.0,0.2034,0.06,64.5,9,electric_piano:5424;drums:1742;string_ensemble:507;acoustic_bass:448;organ:323;clean_electric_guitar:75;chromatic_percussion:44;synth_pad:2;synth_strings:1,43,48544,5.667,1549,1128.9,0,0.6978,0.2477,0.0404,0.0065,0.0034,0.0042,train
Track00520,184.81,3596,19.659,3.423,8.0,0.2411,0.35,53.12,10,drums:867;acoustic_piano:744;acoustic_guitar:715;electric_piano:679;electric_bass:240;string_ensemble:121;clean_electric_guitar:102;distorted_electric_guitar:77;voice:40;synth_pad:11,38,22172,6.166,1254,583.5,0,0.0968,0.2428,0.2133,0.1643,0.262,0.0209,train
Track00531,185.45,4867,26.556,2.943,6.0,0.4658,0.04,51.74,8,drums:2267;distorted_electric_guitar:1043;electric_bass:462;synth_lead:348;oboe:328;voice:249;acoustic_piano:127;electric_piano:43,38,23348,4.797,1025,614.4,0,0.5408,0.1494,0.2256,0.0538,0.0245,0.006,train
Track00544,199.27,6018,30.2,3.808,8.0,0.2193,0.1,50.0,7,clean_electric_guitar:1581;distorted_electric_guitar:1557;drums:1320;electric_bass:568;voice:348;soprano_and_alto_sax:342;acoustic_piano:302,41,36169,6.01,1256,882.2,0,0.5263,0.3608,0.0819,0.0143,0.012,0.0048,train
Track00553,210.49,6328,30.631,2.953,7.0,0.2274,0.12,52.99,13,acoustic_piano:1457;drums:1439;clean_electric_guitar:1071;acoustic_bass:722;electric_piano:335;brass_section:273;tuba:269;acoustic_guitar:260;soprano_and_alto_sax:169;trombone:117;electric_bass:113;french_horn:99;synth_pad:4,43,39393,6.225,1428,916.1,0,0.4221,0.2966,0.1692,0.0747,0.0253,0.012,train
Track00573,201.95,2658,13.391,4.75,12.0,0.3209,0.44,53.18,9,drums:853;acoustic_piano:821;synth_strings:656;acoustic_bass:207;clean_electric_guitar:58;electric_piano:36;orchestral_harp:12;singleton_97:10;prog101:5,42,14209,5.346,481,338.3,0,0.0218,0.219,0.4353,0.1388,0.1663,0.0188,train
Track00593,208.51,4845,23.766,3.613,8.0,0.3391,0.1,54.96,10,drums:1643;acoustic_guitar:1530;string_ensemble:491;tenor_sax:402;electric_bass:390;acoustic_piano:196;singleton_112:90;voice:90;singleton_98:9;singleton_120:4,43,26065,5.38,870,606.2,0,0.4949,0.0906,0.3001,0.0402,0.0188,0.0553,train
Track00605,235.54,4164,17.896,4.426,10.0,0.2392,0.26,54.01,10,acoustic_guitar:1253;drums:996;electric_piano:513;electric_bass:318;string_ensemble:304;flutes:298;synth_lead:255;voice:189;acoustic_piano:20;french_horn:18,48,25305,6.077,861,527.2,0,0.3201,0.1688,0.251,0.1232,0.0793,0.0576,train
Track00656,246.47,16536,67.696,8.258,17.0,0.46,0.09,55.93,12,drums:7607;acoustic_guitar:3383;acoustic_piano:1157;clean_electric_guitar:974;string_ensemble:884;electric_bass:856;electric_piano:536;soprano_and_alto_sax:431;brass_section:422;distorted_electric_guitar:194;organ:91;singleton_122:1,50,78948,4.774,2132,1579.0,0,0.5989,0.2444,0.0962,0.0236,0.0249,0.0119,train
Track00660,286.86,6044,21.213,2.629,6.0,0.3056,0.23,53.58,7,acoustic_piano:2090;drums:1847;acoustic_guitar:635;acoustic_bass:571;string_ensemble:416;clean_electric_guitar:331;synth_pad:154,58,34042,5.632,913,586.9,0,0.3337,0.233,0.2187,0.1395,0.0457,0.0295,train
Track00690,241.0,3945,16.369,5.062,12.0,0.2862,0.59,53.29,8,drums:1129;acoustic_piano:1103;acoustic_guitar:608;electric_piano:508;synth_pad:206;synth_strings:200;acoustic_bass:159;string_ensemble:32,49,22629,5.736,638,461.8,0,0.0096,0.3321,0.13,0.2837,0.1878,0.0568,train
Track00695,218.96,3929,18.087,3.433,6.0,0.3143,0.11,45.53,4,distorted_electric_guitar:1731;drums:1235;electric_bass:837;acoustic_piano:126,44,21806,5.55,753,495.6,0,0.397,0.4691,0.1066,0.0069,0.0092,0.0112,train
Track00696,245.87,5767,23.634,9.211,18.0,0.2389,0.23,51.52,7,acoustic_piano:2436;drums:1378;clean_electric_guitar:904;electric_bass:684;distorted_electric_guitar:305;voice:45;organ:15,50,32742,5.677,1225,654.8,0,0.0189,0.6329,0.0886,0.1757,0.0527,0.0312,train
Track00729,225.73,7879,35.457,2.928,6.0,0.489,0.06,58.65,10,drums:3853;clean_electric_guitar:1120;string_ensemble:799;electric_bass:569;organ:455;flutes:325;voice:310;synth_lead:214;electric_piano:209;chromatic_percussion:25,46,37137,4.713,1278,807.3,0,0.6382,0.158,0.068,0.0579,0.0476,0.0303,train
Track00734,40.59,869,21.409,4.346,8.0,0.2382,0.11,58.45,6,drums:207;orchestral_harp:197;clean_electric_guitar:133;synth_pad:130;acoustic_bass:102;acoustic_piano:100,9,5183,5.964,850,575.9,0,0.351,0.6133,0.0334,0.0023,0.0,0.0,train
Track00737,290.96,10500,36.439,3.164,7.0,0.2999,0.1,57.92,9,acoustic_guitar:4431;drums:3149;distorted_electric_guitar:1217;acoustic_bass:1016;flutes:267;electric_piano:211;organ:107;synth_pad:77;french_horn:25,59,57963,5.52,1911,982.4,0,0.5066,0.412,0.0283,0.015,0.0077,0.0305,train
Track00758,242.91,9738,40.489,6.541,15.0,0.2956,0.1,56.1,12,drums:2879;clean_electric_guitar:2482;electric_piano:1100;electric_bass:710;string_ensemble:558;acoustic_piano:523;soprano_and_alto_sax:390;voice:352;trumpet:274;brass_section:274;singleton_126:176;organ:20,49,53601,5.504,2082,1093.9,0,0.5283,0.2173,0.14,0.0329,0.0754,0.0062,train
Track00819,207.98,5101,24.779,3.118,7.0,0.2782,0.25,52.36,8,clean_electric_guitar:1482;drums:1419;acoustic_piano:873;acoustic_bass:597;organ:411;brass_section:123;string_ensemble:118;voice:78,42,29931,5.868,938,712.6,0,0.3068,0.188,0.2692,0.1051,0.0776,0.0533,train
Track00822,220.8,7376,33.824,4.531,11.0,0.3884,0.12,51.8,8,drums:2865;electric_piano:1348;electric_bass:951;clean_electric_guitar:942;flutes:538;brass_section:450;voice:184;synth_pad:98,45,37666,5.107,1263,837.0,0,0.4459,0.3017,0.1188,0.0586,0.0503,0.0248,train
Track00828,246.47,3875,15.909,7.616,16.0,0.2015,0.24,58.76,9,acoustic_piano:893;electric_piano:893;drums:781;acoustic_bass:339;bassoon:286;voice:207;string_ensemble:182;distorted_electric_guitar:147;singleton_99:147,51,24523,6.329,706,480.8,0,0.0026,0.5484,0.2046,0.1265,0.0803,0.0377,train
Track00837,218.18,6339,29.298,6.796,12.0,0.2423,0.29,52.88,6,drums:1536;acoustic_guitar:1525;acoustic_piano:1402;clean_electric_guitar:1061;acoustic_bass:471;organ:344,45,38069,6.006,966,846.0,0,0.2866,0.1713,0.1948,0.2467,0.0872,0.0133,train
Track00841,233.07,5000,21.659,5.996,17.0,0.3392,0.28,55.64,10,drums:1696;acoustic_piano:1134;voice:559;acoustic_bass:415;string_ensemble:403;soprano_and_alto_sax:327;clean_electric_guitar:189;electric_piano:156;synth_pad:98;synth_strings:23,47,26244,5.249,756,558.4,0,0.4244,0.0076,0.1186,0.1574,0.0724,0.2196,train
Track00853,127.26,4276,33.776,7.13,12.0,0.1904,0.13,55.12,7,electric_piano:2336;drums:814;clean_electric_guitar:361;electric_bass:322;acoustic_piano:274;tenor_sax:96;baritone_sax:73,26,24598,5.753,1093,946.1,0,0.2219,0.6043,0.043,0.0903,0.0115,0.029,train
Track00854,454.01,6720,14.896,3.508,8.0,0.0815,0.27,58.71,8,acoustic_guitar:3846;electric_piano:848;flutes:721;drums:548;acoustic_bass:371;clean_electric_guitar:252;distorted_electric_guitar:114;synth_pad:20,92,43443,6.465,976,472.2,0,0.2467,0.2189,0.2519,0.1308,0.1292,0.0225,train
Track00864,236.63,4148,17.53,7.464,16.0,0.2806,0.31,52.91,8,drums:1164;acoustic_piano:894;electric_piano:597;string_ensemble:454;acoustic_guitar:454;electric_bass:291;voice:156;distorted_electric_guitar:138,48,24274,5.852,657,505.7,0,0.1234,0.3093,0.2249,0.1555,0.1516,0.0352,train
Track00875,197.01,5414,27.8,3.941,11.0,0.3711,0.13,59.84,11,drums:2009;acoustic_piano:700;acoustic_guitar:640;voice:598;brass_section:375;synth_lead:370;electric_bass:259;electric_piano:255;string_ensemble:130;synth_pad:73;singleton_119:5,41,28386,5.243,1106,692.3,0,0.4348,0.2233,0.1339,0.0951,0.0582,0.0547,train
Track00892,298.33,4751,15.925,5.162,11.0,0.2682,0.34,56.16,6,drums:1274;acoustic_piano:1271;string_ensemble:1250;electric_bass:363;trumpet:316;acoustic_guitar:277,60,26404,5.558,649,440.1,0,0.0709,0.3204,0.1593,0.2762,0.109,0.0642,train
Track00907,220.05,8885,40.785,6.954,11.0,0.1662,0.08,57.91,8,acoustic_guitar:4128;drums:1477;synth_pad:1017;clean_electric_guitar:896;electric_piano:691;electric_bass:408;brass_section:148;string_ensemble:120,45,53402,6.01,1892,1186.7,0,0.6673,0.2185,0.0629,0.0071,0.024,0.0203,train
Track00910,341.65,18040,53.495,7.202,12.0,0.3062,0.03,54.62,8,clean_electric_guitar:5653;drums:5524;acoustic_piano:3544;electric_bass:1595;electric_piano:510;brass_section:450;string_ensemble:416;organ:348,69,100473,5.569,1692,1456.1,0,0.7528,0.1264,0.0423,0.0193,0.0359,0.0232,train
Track00921,218.88,4444,20.435,3.967,8.0,0.1712,0.26,55.11,12,acoustic_guitar:1676;drums:761;electric_piano:554;acoustic_piano:376;acoustic_bass:267;electric_bass:152;string_ensemble:152;clean_electric_guitar:143;trombone:102;distorted_electric_guitar:95;synth_pad:88;synth_lead:78,45,27225,6.126,1075,605.0,0,0.2714,0.1998,0.2486,0.1499,0.095,0.0353,train
Track00938,161.98,4482,27.67,7.814,13.0,0.1568,0.35,58.05,6,acoustic_guitar:1100;acoustic_piano:1037;organ:935;drums:703;synth_lead:424;electric_bass:283,34,29041,6.479,1111,854.1,0,0.1,0.2401,0.4186,0.1892,0.0424,0.0098,train
Track00939,438.33,7180,16.489,3.495,8.0,0.1319,0.25,57.7,9,acoustic_guitar:3723;drums:947;electric_piano:847;flutes:717;acoustic_bass:371;clean_electric_guitar:301;singleton_120:139;distorted_electric_guitar:115;synth_pad:20,89,44901,6.254,1037,504.5,0,0.2933,0.1972,0.2408,0.1235,0.1244,0.0208,train
Track00952,232.1,6280,27.653,4.144,10.0,0.3381,0.27,56.99,8,drums:2123;acoustic_piano:1285;acoustic_guitar:1221;flutes:533;clean_electric_guitar:526;acoustic_bass:420;chromatic_percussion:170;singleton_119:2,48,34884,5.555,1128,726.8,0,0.3525,0.0946,0.3479,0.1223,0.0401,0.0425,train
Track00972,186.83,4013,21.841,4.962,11.0,0.246,0.14,55.37,6,electric_piano:1255;drums:987;distorted_electric_guitar:680;voice:426;electric_bass:335;flutes:330,38,23584,5.877,1208,620.6,0,0.4024,0.2948,0.1428,0.0922,0.0581,0.0097,train
Track00973,260.34,7941,30.554,5.372,12.0,0.2739,0.22,52.48,6,drums:2175;acoustic_piano:1908;clean_electric_guitar:1087;electric_bass:1084;distorted_electric_guitar:959;flutes:728,53,45197,5.692,1184,852.8,0,0.0429,0.5968,0.2412,0.1055,0.0133,0.0003,train
Track00983,258.0,7184,28.207,6.048,11.0,0.3151,0.18,52.42,10,acoustic_guitar:2488;drums:2264;trumpet:744;electric_bass:703;string_ensemble:294;brass_section:235;electric_piano:220;chromatic_percussion:108;baritone_sax:104;voice:24,53,40215,5.598,1320,758.8,0,0.3349,0.3334,0.1984,0.0422,0.0597,0.0315,train
Track00995,171.75,3961,23.063,4.926,11.0,0.3966,0.3,55.61,6,drums:1571;acoustic_piano:746;electric_piano:714;clean_electric_guitar:392;string_ensemble:387;acoustic_bass:151,36,19643,4.959,800,545.6,0,0.0048,0.4814,0.1184,0.1813,0.1593,0.0548,train
Track01018,183.24,3671,20.223,2.268,5.0,0.3288,0.21,54.31,10,drums:1207;acoustic_piano:806;electric_bass:411;clean_electric_guitar:302;voice:249;chromatic_percussion:212;soprano_and_alto_sax:187;string_ensemble:140;organ:112;distorted_electric_guitar:45,38,20847,5.679,1072,548.6,0,0.1607,0.4405,0.222,0.0983,0.0558,0.0226,train
Track01022,228.26,8809,39.207,4.028,7.0,0.4036,0.04,55.89,14,drums:3555;clean_electric_guitar:1680;brass_section:937;string_ensemble:780;electric_bass:677;voice:372;flutes:367;acoustic_piano:293;electric_piano:82;singleton_118:30;violin:17;singleton_119:8;synth_lead:7;singleton_124:4,46,44021,4.997,1534,957.0,0,0.6974,0.1098,0.106,0.0201,0.0569,0.0099,train
Track01038,246.94,6170,25.222,3.342,8.0,0.2219,0.28,55.93,9,acoustic_guitar:1645;drums:1369;flutes:841;electric_piano:665;synth_lead:546;acoustic_bass:463;string_ensemble:400;clean_electric_guitar:211;voice:30,50,37201,6.029,1213,744.0,0,0.2376,0.1164,0.3695,0.1747,0.072,0.0298,train
Track01058,212.92,4579,21.703,4.382,8.0,0.3215,0.19,49.12,8,drums:1472;acoustic_guitar:1343;clean_electric_guitar:673;acoustic_bass:561;soprano_and_alto_sax:274;distorted_electric_guitar:118;electric_piano:109;acoustic_piano:29,44,26227,5.728,865,596.1,0,0.3494,0.3184,0.1712,0.1273,0.0323,0.0013,train
Track01080,216.5,5742,27.07,3.615,8.0,0.3394,0.23,57.89,8,acoustic_guitar:2129;drums:1949;acoustic_piano:591;string_ensemble:364;electric_bass:322;flutes:204;synth_strings:147;chromatic_percussion:36,44,31130,5.421,860,707.5,0,0.388,0.1493,0.2121,0.1715,0.0408,0.0383,train
Track01083,152.99,3108,21.036,2.612,6.0,0.3739,0.3,57.64,7,drums:1162;acoustic_piano:695;electric_piano:430;string_ensemble:347;organ:220;electric_bass:191;distorted_electric_guitar:63,32,16489,5.305,922,515.3,0,0.1544,0.3041,0.3533,0.0994,0.0479,0.0409,train
Track01126,374.28,6830,18.37,2.007,5.0,0.3703,0.13,52.63,11,drums:2529;electric_bass:1172;clean_electric_guitar:664;flutes:529;acoustic_piano:450;electric_piano:345;trumpet:287;brass_section:262;soprano_and_alto_sax:204;singleton_113:202;viola:186,75,37230,5.451,928,496.4,0,0.4141,0.3187,0.0993,0.0707,0.0704,0.0268,train
Track01136,269.31,5039,18.987,5.72,13.0,0.3439,0.16,56.67,13,drums:1733;acoustic_piano:1150;prog100:475;flutes:375;acoustic_guitar:244;electric_bass:244;clean_electric_guitar:214;string_ensemble:175;singleton_98:111;distorted_electric_guitar:110;acoustic_bass:104;soprano_and_alto_sax:101;singleton_119:3,54,28416,5.639,794,526.2,0,0.134,0.5106,0.1191,0.1336,0.0722,0.0306,train
Track01154,312.47,13341,42.987,4.063,8.0,0.3018,0.11,61.41,12,acoustic_guitar:4367;drums:4026;clean_electric_guitar:2727;electric_bass:655;chromatic_percussion:472;electric_piano:415;synth_lead:239;voice:220;synth_strings:109;organ:51;string_ensemble:35;synth_pad:25,63,74122,5.556,1741,1176.5,0,0.4004,0.3974,0.1293,0.0346,0.0166,0.0217,train
Track01166,94.57,1842,20.208,2.58,5.0,0.2443,0.21,58.7,8,acoustic_piano:566;drums:450;acoustic_guitar:445;string_ensemble:152;synth_strings:103;electric_bass:77;contrabass:36;chromatic_percussion:13,19,10690,5.803,900,562.6,0,0.2828,0.2644,0.2579,0.0874,0.0385,0.0689,train
Track01174,295.48,5536,18.87,2.577,6.0,0.4057,0.12,51.85,10,drums:2246;clean_electric_guitar:592;electric_bass:545;synth_pad:540;synth_strings:441;singleton_96:425;acoustic_piano:331;voice:208;distorted_electric_guitar:173;string_ensemble:35,60,29526,5.333,1206,492.1,0,0.4809,0.1945,0.1826,0.0538,0.0345,0.0536,train
Track01195,265.07,7934,30.293,8.138,17.0,0.1879,0.2,56.65,9,acoustic_guitar:2333;acoustic_piano:1878;drums:1491;distorted_electric_guitar:1066;electric_bass:591;string_ensemble:230;organ:227;cello:91;trumpet:27,54,46328,5.839,1650,857.9,0,0.0775,0.6354,0.1491,0.0594,0.0723,0.0063,train
Track01205,268.12,5281,19.707,2.864,5.0,0.5336,0.06,62.7,12,drums:2818;acoustic_piano:528;electric_bass:444;string_ensemble:404;synth_strings:348;acoustic_guitar:228;soprano_and_alto_sax:191;flutes:128;clean_electric_guitar:95;voice:52;electric_piano:42;singleton_119:3,55,23399,4.431,608,425.4,0,0.6092,0.0899,0.1191,0.0674,0.0606,0.0538,train
Track01206,190.19,6969,37.883,7.614,14.0,0.4536,0.06,57.65,10,drums:3161;string_ensemble:1509;electric_bass:640;electric_piano:470;brass_section:458;acoustic_piano:275;synth_strings:139;trumpet:109;acoustic_guitar:109;chromatic_percussion:99,57,33860,4.859,1205,594.0,0,0.704,0.1056,0.1093,0.0184,0.0324,0.0303,train
Track01212,195.9,6749,34.792,4.474,8.0,0.4285,0.11,54.63,8,drums:2892;acoustic_guitar:2335;electric_bass:599;voice:439;electric_piano:218;chromatic_percussion:120;clean_electric_guitar:120;tenor_sax:26,40,33365,4.944,1103,834.1,0,0.4842,0.4759,0.0271,0.0077,0.0046,0.0004,train
Track01226,242.38,6358,26.492,3.746,8.0,0.1897,0.11,53.38,10,clean_electric_guitar:1718;drums:1206;electric_bass:801;chromatic_percussion:672;singleton_108:635;electric_piano:369;distorted_electric_guitar:306;acoustic_piano:283;brass_section:259;string_ensemble:109,49,41279,6.492,1111,842.4,0,0.4443,0.3419,0.0764,0.0437,0.0399,0.0536,train
Track01253,176.3,6675,38.257,9.537,13.0,0.2201,0.12,53.99,11,drums:1469;electric_piano:1460;acoustic_guitar:1264;distorted_electric_guitar:721;electric_bass:588;organ:329;synth_lead:249;acoustic_piano:208;brass_section:156;string_ensemble:147;voice:84,36,41520,6.22,1473,1153.3,0,0.4487,0.3542,0.1381,0.0159,0.0264,0.0168,train
Track01259,301.25,6913,23.257,7.349,13.0,0.3366,0.1,49.98,8,drums:2327;electric_piano:1240;acoustic_piano:1120;electric_bass:864;clean_electric_guitar:533;tenor_sax:466;brass_section:324;string_ensemble:39,61,38324,5.544,860,628.3,0,0.5151,0.2824,0.0798,0.0422,0.0777,0.0027,train
Track01262,158.94,4531,29.721,4.13,9.0,0.1666,0.23,59.16,12,acoustic_piano:1610;drums:755;organ:619;electric_piano:342;singleton_105:324;acoustic_bass:260;chromatic_percussion:255;clarinet:118;tuba:88;clean_electric_guitar:70;acoustic_guitar:66;synth_lead:24,33,28773,6.35,1375,871.9,0,0.2598,0.2807,0.3465,0.0704,0.0296,0.013,train
Track01264,275.17,5482,20.043,3.265,7.0,0.2824,0.2,52.81,9,synth_lead:1919;drums:1548;acoustic_piano:975;acoustic_bass:553;distorted_electric_guitar:184;organ:119;electric_piano:104;synth_pad:64;singleton_127:16,56,30576,5.578,1117,546.0,0,0.297,0.442,0.1974,0.0341,0.021,0.0086,train
Track01275,169.5,6177,37.321,3.521,6.0,0.3665,0.09,58.05,7,drums:2264;organ:1093;electric_bass:1053;clean_electric_guitar:747;voice:702;synth_strings:180;electric_piano:138,35,31344,5.074,1458,895.5,0,0.5402,0.2281,0.1099,0.0673,0.0419,0.0125,train
Track01290,159.24,6321,39.695,7.402,13.0,0.143,0.13,53.71,6,acoustic_guitar:4013;drums:904;electric_piano:754;electric_bass:426;distorted_electric_guitar:157;clean_electric_guitar:67,32,36110,5.713,2308,1128.4,0,0.247,0.2702,0.4786,0.0043,0.0,0.0,train
Track01336,263.11,6378,24.528,4.882,15.0,0.2447,0.35,54.3,11,acoustic_guitar:1848;drums:1561;electric_piano:940;voice:743;acoustic_piano:350;acoustic_bass:323;distorted_electric_guitar:294;string_ensemble:251;synth_lead:52;prog100:12;synth_pad:4,53,37492,5.878,995,707.4,0,0.2578,0.1685,0.1515,0.2937,0.0328,0.0958,train
Track01341,276.84,7847,28.532,2.45,5.0,0.2911,0.1,51.41,7,distorted_electric_guitar:3729;drums:2284;acoustic_bass:1100;acoustic_piano:479;flutes:184;clean_electric_guitar:49;voice:22,56,43072,5.489,1147,769.1,0,0.501,0.3626,0.0912,0.0124,0.0176,0.0153,train
Track01358,214.79,3774,17.68,6.316,10.0,0.2753,0.27,59.05,10,electric_piano:1172;drums:1039;voice:488;flutes:372;electric_bass:321;brass_section:171;distorted_electric_guitar:121;chromatic_percussion:77;singleton_124:8;trumpet:5,43,21250,5.631,942,494.2,0,0.2753,0.0207,0.4762,0.1895,0.0225,0.0159,train
Track01365,160.93,4478,28.394,8.177,13.0,0.1246,0.17,52.94,8,electric_piano:1720;acoustic_guitar:598;drums:558;electric_bass:522;distorted_electric_guitar:414;organ:322;voice:219;tenor_sax:125,33,29799,6.655,1350,903.0,0,0.2704,0.3765,0.2666,0.0583,0.0226,0.0056,train
Track01382,197.73,2302,11.855,3.188,9.0,0.2524,0.24,53.95,6,acoustic_piano:605;drums:581;soprano_and_alto_sax:557;string_ensemble:236;electric_bass:224;clean_electric_guitar:99,41,13682,5.944,568,333.7,0,0.3197,0.1846,0.1047,0.1316,0.1073,0.152,train
Track01388,240.0,2613,11.017,3.017,7.0,0.3735,0.26,55.66,11,drums:976;synth_pad:389;electric_piano:381;acoustic_bass:274;chromatic_percussion:192;acoustic_guitar:104;flutes:94;clean_electric_guitar:70;synth_strings:68;acoustic_piano:51;singleton_102:14,49,14213,5.439,474,290.1,0,0.0153,0.4631,0.1225,0.1623,0.1316,0.1052,train
Track01404,225.56,3216,14.618,3.025,8.0,0.2687,0.31,56.76,7,drums:864;string_ensemble:704;electric_piano:656;flutes:326;voice:252;acoustic_bass:242;clean_electric_guitar:172,47,18983,5.903,685,403.9,0,0.3109,0.1073,0.24,0.0768,0.181,0.084,train
Track01408,265.56,3361,12.871,5.399,11.0,0.3234,0.27,55.15,8,drums:1087;electric_piano:679;synth_pad:453;acoustic_guitar:399;electric_bass:294;voice:237;brass_section:109;string_ensemble:103,54,18986,5.649,726,351.6,0,0.3505,0.1166,0.2169,0.1354,0.1559,0.0247,train
Track01411,246.66,6019,25.067,3.912,9.0,0.2695,0.17,55.76,8,drums:1622;acoustic_piano:1507;string_ensemble:1028;electric_bass:803;brass_section:434;distorted_electric_guitar:316;electric_piano:288;trumpet:21,50,34596,5.748,1447,691.9,0,0.1211,0.5639,0.1927,0.0394,0.0562,0.0267,train
Track01413,142.56,2705,18.974,6.513,12.0,0.1623,0.25,57.45,9,acoustic_guitar:771;drums:439;electric_piano:423;bassoon:289;string_ensemble:285;electric_bass:247;chromatic_percussion:210;organ:37;singleton_122:4,29,17050,6.303,1093,587.9,0,0.1922,0.2107,0.2455,0.1113,0.2388,0.0015,train
Track01453,216.73,4673,22.221,5.096,9.0,0.1237,0.14,62.83,11,organ:1887;acoustic_guitar:1192;drums:578;acoustic_bass:436;electric_piano:250;string_ensemble:129;synth_pad:79;clean_electric_guitar:62;voice:28;prog100:26;acoustic_piano:6,45,29570,6.328,939,657.1,0,0.2251,0.6176,0.1096,0.0167,0.0212,0.0098,train
Track01476,186.27,8139,44.2,10.239,18.0,0.2208,0.1,56.7,9,drums:1797;distorted_electric_guitar:1439;clean_electric_guitar:1436;acoustic_piano:1409;singleton_110:582;organ:537;electric_bass:470;acoustic_guitar:466;singleton_119:3,38,49156,6.04,1669,1293.6,0,0.4908,0.3706,0.0731,0.042,0.0092,0.0143,train
Track01477,287.9,10401,36.731,6.103,13.0,0.5494,0.06,52.55,13,drums:5714;acoustic_piano:1150;electric_piano:981;electric_bass:742;string_ensemble:440;clean_electric_guitar:436;distorted_electric_guitar:433;orchestral_harp:226;singleton_106:150;chromatic_percussion:66;english_horn:28;prog100:24;singleton_125:11,58,44658,4.294,1250,770.0,0,0.6441,0.2099,0.0805,0.0268,0.0183,0.0205,train
Track01481,198.09,6767,34.683,6.027,11.0,0.2332,0.08,53.72,10,acoustic_guitar:1849;drums:1578;chromatic_percussion:984;clean_electric_guitar:748;synth_strings:557;electric_bass:402;acoustic_piano:369;prog101:250;singleton_98:20;organ:10,41,41093,6.073,1270,1002.3,0,0.5375,0.1352,0.1719,0.0731,0.0448,0.0375,train
Track01494,197.78,4718,23.855,9.162,17.0,0.2554,0.13,53.98,7,acoustic_guitar:1477;drums:1205;organ:511;acoustic_piano:494;electric_bass:408;soprano_and_alto_sax:331;distorted_electric_guitar:292,41,27209,5.767,914,663.6,0,0.4659,0.1859,0.1946,0.1051,0.0445,0.004,train
Track01496,160.28,3323,20.732,4.67,9.0,0.3214,0.35,53.29,7,drums:1068;acoustic_piano:747;electric_piano:392;string_ensemble:366;clean_electric_guitar:320;electric_bass:219;synth_pad:211,33,18311,5.51,672,554.9,0,0.0208,0.4291,0.1589,0.1505,0.2176,0.0232,train
Track00038,183.18,6329,35.54,4.463,11.0,0.1738,0.2,56.23,9,acoustic_guitar:1771;clean_electric_guitar:1288;drums:1100;electric_piano:720;singleton_110:431;acoustic_bass:316;acoustic_piano:277;synth_lead:263;distorted_electric_guitar:163,38,39016,6.165,2234,1026.7,0,0.3155,0.2798,0.2278,0.0872,0.0531,0.0365,valid
Track00050,255.88,7124,28.51,8.986,15.0,0.2221,0.13,57.24,10,drums:1582;voice:1267;electric_piano:940;electric_bass:890;synth_pad:838;acoustic_guitar:670;synth_lead:490;chromatic_percussion:279;distorted_electric_guitar:144;clean_electric_guitar:24,52,43220,6.067,1400,831.2,0,0.4149,0.2386,0.2664,0.0337,0.0365,0.0098,valid
Track00075,286.48,6034,21.35,2.668,6.0,0.3061,0.23,53.57,6,acoustic_piano:2091;drums:1847;acoustic_guitar:955;acoustic_bass:571;string_ensemble:416;synth_pad:154,58,33775,5.597,927,582.3,0,0.3387,0.2391,0.211,0.1379,0.0446,0.0287,valid
Track00111,291.59,6194,21.394,4.193,8.0,0.4768,0.02,56.37,10,drums:2953;acoustic_bass:1034;clean_electric_guitar:624;chromatic_percussion:509;synth_pad:504;string_ensemble:378;electric_piano:104;voice:46;trumpet:26;synth_lead:16,59,29518,4.766,827,500.3,0,0.5547,0.3071,0.0565,0.0473,0.0263,0.0081,valid
Track00148,228.55,4237,18.813,4.116,9.0,0.4045,0.07,50.56,6,drums:1714;clean_electric_guitar:810;electric_piano:599;acoustic_bass:419;string_ensemble:356;soprano_and_alto_sax:339,47,21947,5.18,638,467.0,0,0.5204,0.1909,0.1008,0.0703,0.0689,0.0486,valid
Track00224,211.86,8088,38.176,8.55,14.0,0.2209,0.18,54.22,7,acoustic_piano:2707;acoustic_guitar:2352;drums:1787;acoustic_bass:374;electric_bass:374;clean_electric_guitar:322;violin:172,43,45762,5.658,1426,1064.2,0,0.2573,0.3253,0.3264,0.0865,0.0038,0.0006,valid
Track00288,207.98,5101,24.779,3.118,7.0,0.2782,0.25,52.36,8,clean_electric_guitar:1482;drums:1419;acoustic_piano:873;acoustic_bass:597;organ:411;brass_section:123;string_ensemble:118;voice:78,42,29931,5.868,938,712.6,0,0.3068,0.188,0.2692,0.1051,0.0776,0.0533,valid
Track00371,244.55,5082,21.39,2.677,6.0,0.1785,0.22,57.74,8,acoustic_piano:1404;acoustic_guitar:1277;drums:907;clean_electric_guitar:662;acoustic_bass:279;string_ensemble:239;orchestral_harp:221;brass_section:93,50,32054,6.307,1569,641.1,0,0.282,0.2967,0.1934,0.1157,0.0832,0.0289,valid
Track00384,311.27,8052,26.082,4.297,9.0,0.4352,0.12,56.81,9,drums:3504;clean_electric_guitar:2133;electric_piano:666;electric_bass:550;flutes:505;string_ensemble:256;voice:193;singleton_98:151;trumpet:94,64,39315,4.883,889,614.3,0,0.155,0.6669,0.0386,0.0329,0.0502,0.0564,valid
Track00578,200.48,2365,11.815,4.316,9.0,0.4558,0.27,51.06,5,drums:1078;acoustic_piano:844;acoustic_bass:248;clean_electric_guitar:105;singleton_110:90,41,11159,4.718,499,272.2,0,0.1666,0.2816,0.4165,0.1205,0.0085,0.0063,valid
Track00638,411.22,10961,26.655,7.012,10.0,0.2533,0.23,53.09,7,acoustic_piano:5904;drums:2776;electric_bass:819;voice:561;clarinet:335;acoustic_guitar:301;clean_electric_guitar:265,83,59462,5.425,1032,716.4,0,0.2601,0.5089,0.1665,0.0386,0.0177,0.0082,valid
Track00707,212.28,6421,30.722,2.767,5.0,0.2029,0.05,55.47,8,acoustic_guitar:2937;drums:1303;acoustic_piano:721;string_ensemble:385;acoustic_bass:370;synth_strings:342;soprano_and_alto_sax:243;flutes:120,43,38326,5.969,1150,891.3,0,0.6895,0.0667,0.0811,0.0734,0.0705,0.0188,valid
Track00718,236.13,5147,22.295,4.075,9.0,0.2831,0.25,53.42,10,drums:1457;string_ensemble:767;acoustic_piano:670;voice:670;electric_bass:406;synth_lead:374;synth_pad:286;acoustic_guitar:265;electric_piano:180;singleton_99:72,48,29138,5.661,1096,607.0,0,0.3851,0.1123,0.2654,0.1241,0.0233,0.0898,valid
Track00751,240.0,5844,24.649,5.2,11.0,0.2714,0.11,55.48,13,acoustic_guitar:1813;drums:1586;electric_bass:636;organ:388;distorted_electric_guitar:360;electric_piano:307;soprano_and_alto_sax:266;clean_electric_guitar:252;voice:182;chromatic_percussion:48;string_ensemble:3;singleton_119:2;singleton_125:1,49,34459,5.896,1266,703.2,0,0.397,0.3292,0.1158,0.1049,0.0346,0.0185,valid
Track00898,351.91,4808,13.928,3.081,6.0,0.298,0.22,56.01,8,drums:1433;electric_piano:665;clean_electric_guitar:592;chromatic_percussion:530;voice:509;acoustic_bass:482;flutes:457;string_ensemble:140,71,28402,5.907,610,400.0,0,0.3569,0.1529,0.2211,0.0505,0.1337,0.0849,valid
Track01042,352.4,9638,27.35,4.845,8.0,0.4414,0.08,41.95,7,drums:4254;electric_bass:2034;acoustic_bass:1954;acoustic_piano:680;distorted_electric_guitar:414;clean_electric_guitar:286;synth_lead:16,71,50434,5.233,1134,710.3,0,0.8084,0.1439,0.0256,0.01,0.0053,0.0068,valid
Track01064,220.2,6794,31.27,4.894,11.0,0.4042,0.13,60.14,11,drums:2746;acoustic_guitar:1437;electric_piano:705;singleton_99:705;trumpet:379;clean_electric_guitar:291;distorted_electric_guitar:138;electric_bass:131;string_ensemble:116;synth_pad:90;organ:56,45,35314,5.198,1034,784.8,0,0.4737,0.0549,0.0561,0.3188,0.0626,0.034,valid
Track01204,240.0,7402,30.842,5.36,11.0,0.4595,0.15,58.32,6,drums:3401;electric_piano:2444;acoustic_guitar:668;string_ensemble:580;electric_bass:305;voice:4,49,34631,4.679,962,706.8,0,0.0346,0.5351,0.1805,0.1097,0.1158,0.0243,valid
Track01215,270.64,7062,26.519,2.912,8.0,0.6871,0.06,57.1,9,drums:4852;electric_bass:513;clean_electric_guitar:442;synth_pad:345;flutes:242;distorted_electric_guitar:238;acoustic_piano:237;brass_section:145;synth_lead:48,56,26265,3.719,855,469.0,0,0.7389,0.0922,0.0623,0.015,0.0523,0.0394,valid
Track01414,124.62,1288,10.335,4.859,10.0,0.1817,0.49,53.93,6,acoustic_guitar:326;drums:234;string_ensemble:213;electric_bass:176;synth_pad:170;electric_piano:169,26,7982,6.197,414,307.0,0,0.0,0.0396,0.4674,0.3362,0.0575,0.0994,valid
Track01876,253.3,4102,16.55,3.219,7.0,0.3025,0.22,57.23,12,drums:1241;clean_electric_guitar:766;electric_piano:553;voice:401;distorted_electric_guitar:360;electric_bass:307;organ:238;acoustic_piano:102;synth_pad:97;singleton_123:19;string_ensemble:17;singleton_127:1,51,23290,5.678,733,456.7,0,0.4176,0.0904,0.2387,0.1531,0.0726,0.0275,test
Track01880,241.43,8161,34.011,5.074,10.0,0.5368,0.09,47.09,9,drums:4381;electric_bass:1156;string_ensemble:631;electric_piano:523;chromatic_percussion:494;distorted_electric_guitar:448;organ:369;synth_pad:87;voice:72,49,36541,4.478,1060,745.7,0,0.6497,0.2615,0.0493,0.0157,0.0192,0.0047,test
Track01887,411.22,10961,26.655,7.012,10.0,0.2533,0.23,53.09,7,acoustic_piano:5904;drums:2776;electric_bass:819;voice:561;clarinet:335;acoustic_guitar:301;clean_electric_guitar:265,83,59462,5.425,1032,716.4,0,0.2601,0.5089,0.1665,0.0386,0.0177,0.0082,test
Track01888,301.49,6225,20.861,3.811,9.0,0.4019,0.19,52.34,8,drums:2502;clean_electric_guitar:1115;acoustic_piano:1018;voice:454;synth_pad:402;electric_bass:360;string_ensemble:248;organ:126,61,32120,5.16,1206,526.6,0,0.188,0.387,0.1149,0.1044,0.1443,0.0615,test
Track01889,273.88,4089,15.162,3.7,8.0,0.3937,0.29,62.29,12,drums:1610;electric_piano:758;string_ensemble:587;acoustic_guitar:514;flutes:331;acoustic_bass:156;voice:43;timpani:30;distorted_electric_guitar:29;synth_pad:19;orchestral_harp:7;singleton_119:5,56,21573,5.276,648,385.2,0,0.418,0.054,0.1279,0.1171,0.1061,0.1768,test
Track01895,120.18,4770,40.342,10.114,16.0,0.2117,0.11,54.38,8,acoustic_guitar:1376;drums:1010;acoustic_piano:990;electric_bass:427;electric_piano:341;brass_section:251;tenor_sax:243;string_ensemble:132,25,28885,6.056,1600,1155.4,0,0.4765,0.3956,0.095,0.022,0.008,0.0029,test
Track01897,290.5,3399,11.779,2.823,6.0,0.1745,0.34,60.17,13,electric_piano:808;acoustic_guitar:633;drums:593;acoustic_piano:384;flutes:377;electric_bass:189;violin:88;string_ensemble:82;voice:74;synth_pad:62;soprano_and_alto_sax:44;prog100:37;singleton_116:28,60,21854,6.43,647,364.2,0,0.1974,0.1589,0.3469,0.1815,0.0818,0.0335,test
Track01901,243.98,5781,24.064,4.769,12.0,0.2629,0.21,48.46,11,acoustic_guitar:2205;drums:1520;electric_bass:617;clean_electric_guitar:448;organ:342;distorted_electric_guitar:225;acoustic_piano:224;singleton_104:135;singleton_126:29;singleton_122:20;voice:16,50,34448,5.959,1354,689.0,0,0.0989,0.5547,0.2058,0.0702,0.0624,0.0078,test
Track01902,265.2,5503,20.997,7.967,17.0,0.2102,0.19,55.53,8,acoustic_piano:1558;acoustic_guitar:1461;drums:1157;tenor_sax:341;string_ensemble:331;electric_bass:279;distorted_electric_guitar:256;synth_pad:120,54,32563,5.917,973,603.0,0,0.0596,0.6436,0.1347,0.052,0.0427,0.0674,test
Track01903,234.55,6181,26.639,2.526,6.0,0.237,0.19,56.81,14,acoustic_guitar:1747;acoustic_piano:1598;drums:1465;violin:566;acoustic_bass:198;string_ensemble:151;viola:148;synth_lead:103;organ:95;voice:58;synth_pad:46;singleton_104:3;timpani:2;distorted_electric_guitar:1,48,36897,5.969,2083,768.7,0,0.2805,0.3692,0.1828,0.0623,0.0658,0.0393,test
Track01906,252.03,5120,20.539,4.327,9.0,0.2764,0.21,57.57,8,acoustic_guitar:1601;drums:1415;clean_electric_guitar:492;synth_pad:456;string_ensemble:451;acoustic_bass:402;acoustic_piano:216;organ:87,52,29326,5.728,910,564.0,0,0.3377,0.3346,0.1695,0.0994,0.0502,0.0086,test
Track01907,240.71,6146,25.728,6.444,12.0,0.1443,0.18,55.96,8,acoustic_guitar:1632;clean_electric_guitar:1092;drums:887;distorted_electric_guitar:807;electric_bass:523;organ:479;electric_piano:395;synth_pad:331,49,40151,6.533,1108,819.4,0,0.0238,0.5513,0.1842,0.1505,0.0788,0.0116,test
Track01913,345.01,8052,23.534,4.252,9.0,0.4352,0.13,56.81,9,drums:3504;clean_electric_guitar:2133;electric_piano:666;electric_bass:550;flutes:505;string_ensemble:256;voice:193;singleton_98:151;trumpet:94,71,39223,4.871,844,552.4,0,0.1119,0.7062,0.0375,0.0319,0.0479,0.0646,test
Track01917,269.16,5004,18.831,5.289,11.0,0.4954,0.2,59.03,10,drums:2479;singleton_99:793;acoustic_piano:738;flutes:278;synth_strings:230;acoustic_bass:180;string_ensemble:132;acoustic_guitar:75;voice:64;french_horn:35,55,24793,4.955,694,450.8,0,0.4954,0.2516,0.1149,0.0356,0.0743,0.0282,test
Track01930,318.96,4399,14.081,4.269,11.0,0.3678,0.19,53.64,11,drums:1618;acoustic_piano:1252;flutes:458;acoustic_bass:285;string_ensemble:238;distorted_electric_guitar:207;singleton_103:117;voice:70;acoustic_guitar:62;singleton_118:62;prog101:30,66,23778,5.405,653,360.3,0,0.4051,0.1532,0.1521,0.1212,0.0664,0.1021,test
Track01932,241.06,5082,21.082,4.664,10.0,0.3461,0.46,57.49,6,drums:1759;electric_piano:1742;string_ensemble:530;clean_electric_guitar:510;organ:350;acoustic_bass:191,49,26852,5.284,914,548.0,0,0.0159,0.4022,0.1261,0.2312,0.1621,0.0624,test
Track01945,194.38,3852,19.817,2.763,6.0,0.3422,0.24,50.67,9,drums:1318;acoustic_piano:855;acoustic_guitar:471;electric_bass:361;clean_electric_guitar:338;trombone:319;violin:74;synth_lead:65;string_ensemble:51,40,21677,5.627,632,541.9,0,0.3676,0.1379,0.1934,0.1854,0.0919,0.0239,test
Track01948,241.68,3926,16.469,5.355,12.0,0.1719,0.26,56.52,10,acoustic_guitar:1137;acoustic_piano:1134;drums:675;electric_piano:272;acoustic_bass:219;organ:159;synth_strings:118;voice:85;clean_electric_guitar:76;distorted_electric_guitar:51,51,24845,6.328,810,487.2,0,0.205,0.2565,0.2784,0.1416,0.0517,0.0667,test
Track01950,223.41,4372,19.762,8.028,15.0,0.1075,0.33,58.57,6,acoustic_piano:1513;string_ensemble:798;electric_piano:754;acoustic_guitar:670;drums:470;acoustic_bass:167,47,29450,6.736,1081,626.6,0,0.1416,0.2813,0.2187,0.1624,0.1377,0.0583,test
Track01952,200.84,6118,30.907,2.14,6.0,0.1571,0.065,55.58,5,acoustic_guitar:4213;drums:961;electric_bass:330;organ:317;electric_piano:297,41,35701,5.835,1204,870.8,0,0.5534,0.1044,0.1721,0.1044,0.0556,0.01,test
Track01955,276.53,4146,15.147,4.729,8.0,0.3292,0.24,51.27,6,drums:1365;clean_electric_guitar:1245;acoustic_bass:644;electric_piano:383;organ:350;distorted_electric_guitar:159,56,22481,5.422,647,401.4,0,0.0137,0.4908,0.3977,0.0357,0.048,0.014,test
Track01959,260.42,4542,17.571,5.352,10.0,0.3261,0.3,51.05,6,drums:1481;clean_electric_guitar:1245;electric_bass:644;distorted_electric_guitar:439;electric_piano:383;organ:350,53,24653,5.428,895,465.2,0,0.0414,0.3679,0.4945,0.0491,0.0357,0.0114,test
Track01962,251.48,6425,25.549,3.755,8.0,0.3161,0.09,50.98,7,drums:2031;clean_electric_guitar:1175;acoustic_guitar:886;electric_bass:852;acoustic_piano:849;voice:577;distorted_electric_guitar:55,51,35798,5.572,992,701.9,0,0.525,0.2685,0.1074,0.0604,0.0229,0.0159,test
Track01965,222.21,4647,21.302,4.373,10.0,0.4478,0.09,50.2,9,drums:2081;clean_electric_guitar:721;electric_piano:583;electric_bass:479;brass_section:409;acoustic_piano:278;synth_strings:57;string_ensemble:33;english_horn:6,45,22986,4.946,793,510.8,0,0.5128,0.3277,0.0943,0.0159,0.0142,0.0351,test
Track01972,320.58,8718,27.194,7.369,14.0,0.2905,0.11,53.16,7,drums:2533;acoustic_piano:1788;acoustic_guitar:1322;electric_bass:1188;electric_piano:1102;chromatic_percussion:552;string_ensemble:233,65,49953,5.73,1139,768.5,0,0.4705,0.3011,0.1477,0.0406,0.0311,0.0089,test
Track01973,256.0,6089,24.086,8.869,16.0,0.2956,0.4,52.45,7,acoustic_guitar:1804;drums:1800;acoustic_piano:1436;organ:644;electric_bass:374;brass_section:18;string_ensemble:13,53,32645,5.361,1136,615.9,0,0.2951,0.0463,0.3441,0.2592,0.0376,0.0177,test
Track01975,249.56,8173,33.471,11.015,20.0,0.3125,0.13,54.96,8,drums:2554;acoustic_piano:2380;string_ensemble:1289;clean_electric_guitar:613;electric_piano:514;synth_lead:360;electric_bass:304;voice:159,51,44654,5.464,1531,875.6,0,0.4054,0.3591,0.1609,0.0415,0.0136,0.0196,test
Track01978,294.55,6519,22.201,9.089,22.0,0.3554,0.21,60.59,12,drums:2317;clean_electric_guitar:1135;electric_piano:803;synth_pad:631;acoustic_guitar:584;acoustic_piano:377;acoustic_bass:237;distorted_electric_guitar:134;brass_section:105;string_ensemble:84;synth_lead:64;voice:48,60,35563,5.455,939,592.7,0,0.2056,0.3507,0.117,0.0581,0.2479,0.0207,test
Track01982,157.89,6118,39.213,3.418,7.0,0.2828,0.02,56.35,7,acoustic_guitar:3741;drums:1730;acoustic_bass:302;soprano_and_alto_sax:187;acoustic_piano:68;organ:51;synth_strings:39,33,31934,5.22,1164,967.7,0,0.6263,0.1729,0.1713,0.0127,0.0059,0.0108,test
Track01987,283.75,4401,15.672,6.877,15.0,0.3497,0.25,59.57,12,drums:1539;acoustic_piano:818;string_ensemble:596;chromatic_percussion:383;electric_piano:377;electric_bass:221;distorted_electric_guitar:134;acoustic_guitar:109;singleton_110:84;voice:80;singleton_105:40;flutes:20,58,24313,5.524,654,419.2,0,0.2858,0.1911,0.1795,0.1716,0.0877,0.0843,test
Track01990,424.13,6340,14.948,3.579,9.0,0.365,0.1,55.01,11,drums:2314;clean_electric_guitar:766;electric_bass:721;electric_piano:620;voice:548;synth_pad:441;string_ensemble:406;synth_strings:320;acoustic_bass:155;organ:45;soprano_and_alto_sax:4,85,33934,5.352,677,399.2,0,0.4741,0.2215,0.132,0.0692,0.0552,0.0479,test
Track01993,328.03,6259,19.208,5.092,10.0,0.6282,0.02,53.33,10,drums:3932;acoustic_guitar:727;acoustic_bass:445;electric_piano:405;synth_strings:242;acoustic_piano:221;string_ensemble:119;clean_electric_guitar:100;singleton_108:61;chromatic_percussion:7,66,24266,3.877,570,367.7,0,0.6953,0.0685,0.0973,0.0351,0.0323,0.0714,test
Track01995,237.17,2497,10.623,6.344,12.0,0.3781,0.02,53.87,8,drums:944;electric_piano:630;clean_electric_guitar:260;acoustic_guitar:225;electric_bass:205;synth_strings:152;string_ensemble:51;singleton_102:30,49,13235,5.3,452,270.1,0,0.521,0.0176,0.0481,0.0981,0.2038,0.1113,test
Track02001,384.84,11653,30.478,6.308,14.0,0.4619,0.08,58.42,8,drums:5383;clean_electric_guitar:2267;electric_piano:1617;electric_bass:922;singleton_114:762;soprano_and_alto_sax:558;french_horn:72;flutes:72,77,53221,4.567,1178,691.2,0,0.5938,0.1765,0.1296,0.0481,0.0447,0.0073,test
Track02004,207.98,5113,24.837,3.12,7.0,0.2775,0.25,52.38,8,drums:1419;clean_electric_guitar:1207;acoustic_piano:873;acoustic_bass:597;organ:411;voice:365;brass_section:123;string_ensemble:118,42,30514,5.968,962,726.5,0,0.2998,0.186,0.2656,0.1166,0.0804,0.0516,test
Track02005,199.1,3872,19.448,2.303,5.0,0.3401,0.18,51.73,6,drums:1317;acoustic_piano:1080;acoustic_guitar:887;electric_bass:343;viola:181;clean_electric_guitar:64,41,21246,5.487,768,518.2,0,0.3856,0.1826,0.1423,0.2322,0.0522,0.0052,test
Track02014,257.62,5852,22.983,10.271,17.0,0.1844,0.38,54.28,9,drums:1079;electric_bass:905;singleton_106:903;acoustic_guitar:850;electric_piano:510;acoustic_piano:453;chromatic_percussion:394;synth_pad:394;acoustic_bass:364,52,35181,6.012,961,676.6,0,0.0,0.0309,0.7657,0.0651,0.1304,0.0079,test
Track02019,287.83,3502,12.368,4.645,8.0,0.3966,0.22,52.08,8,drums:1389;acoustic_piano:610;synth_pad:456;electric_bass:432;acoustic_guitar:432;prog100:68;string_ensemble:63;distorted_electric_guitar:52,58,18381,5.249,406,316.9,0,0.3275,0.2519,0.1953,0.1493,0.0728,0.0031,test
Track02026,160.94,4482,28.13,8.171,13.0,0.1254,0.17,52.93,8,electric_piano:1720;acoustic_guitar:598;drums:562;electric_bass:522;distorted_electric_guitar:414;organ:322;voice:219;tenor_sax:125,33,29824,6.654,1351,903.8,0,0.2706,0.3757,0.2675,0.058,0.0225,0.0056,test
Track02029,261.27,2847,11.025,5.351,9.0,0.2557,0.45,59.4,7,acoustic_guitar:1298;drums:728;clarinet:205;organ:197;clean_electric_guitar:177;acoustic_bass:162;electric_piano:80,53,16917,5.942,488,319.2,0,0.2757,0.0794,0.1921,0.294,0.1022,0.0566,test
Track02030,345.0,8052,23.534,4.809,10.0,0.4352,0.14,56.81,9,drums:3504;clean_electric_guitar:2133;electric_piano:666;electric_bass:550;flutes:505;string_ensemble:256;voice:193;singleton_98:151;trumpet:94,71,39226,4.872,847,552.5,0,0.1154,0.7027,0.0374,0.032,0.0484,0.0641,test
Track02037,320.73,8323,26.109,3.53,7.0,0.5446,0.01,56.97,8,drums:4533;clean_electric_guitar:1299;acoustic_bass:839;distorted_electric_guitar:457;voice:366;electric_piano:322;string_ensemble:315;synth_pad:192,65,37723,4.532,859,580.4,0,0.5856,0.273,0.0549,0.0079,0.012,0.0666,test
Track02038,287.24,4963,17.475,7.411,15.0,0.1799,0.43,60.01,11,acoustic_piano:1598;drums:893;acoustic_guitar:836;string_ensemble:523;clean_electric_guitar:466;electric_bass:277;distorted_electric_guitar:184;voice:98;electric_piano:39;french_horn:31;soprano_and_alto_sax:18,58,31170,6.28,842,537.4,0,0.2059,0.1965,0.1846,0.2537,0.1191,0.0403,test
Track02044,186.51,8241,44.185,9.158,16.0,0.2149,0.19,52.52,8,acoustic_piano:1973;drums:1771;clean_electric_guitar:1643;acoustic_guitar:1603;electric_bass:428;synth_lead:333;viola:302;brass_section:188,39,50951,6.183,1802,1306.4,0,0.3017,0.3178,0.2297,0.1227,0.0201,0.008,test
Track02045,258.02,8690,34.318,3.642,8.0,0.2965,0.13,55.2,11,acoustic_guitar:3178;drums:2577;singleton_115:768;distorted_electric_guitar:638;synth_lead:556;string_ensemble:387;electric_bass:369;clean_electric_guitar:91;acoustic_piano:71;electric_piano:53;synth_pad:2,53,49156,5.657,1466,927.5,0,0.3567,0.4583,0.0709,0.0395,0.0314,0.0432,test
Track02047,360.93,12137,33.826,7.748,15.0,0.2936,0.07,52.63,8,clean_electric_guitar:3600;drums:3563;acoustic_piano:2149;electric_bass:1135;electric_piano:628;brass_section:376;tenor_sax:356;string_ensemble:330,73,66769,5.501,1251,914.6,0,0.6013,0.217,0.0838,0.0082,0.0473,0.0423,test
Track02048,287.38,8216,28.793,4.412,10.0,0.1605,0.08,57.25,13,clean_electric_guitar:1867;drums:1319;singleton_108:1045;string_ensemble:889;acoustic_piano:591;acoustic_bass:524;synth_lead:477;flutes:466;distorted_electric_guitar:454;acoustic_guitar:332;chromatic_percussion:186;electric_piano:57;synth_pad:9,59,54091,6.584,1888,916.8,0,0.5501,0.2188,0.1549,0.0359,0.0264,0.0138,test
Track02049,190.77,9453,49.552,5.165,10.0,0.22,0.12,51.21,8,acoustic_piano:3135;drums:2080;electric_piano:1408;electric_bass:1138;distorted_electric_guitar:1010;voice:362;baritone_sax:263;soprano_and_alto_sax:57,39,55804,5.903,1918,1430.9,0,0.3652,0.5788,0.0481,0.0077,0.0,0.0002,test
Track02052,223.87,5452,24.353,6.015,15.0,0.3349,0.15,54.62,13,drums:1826;electric_piano:1034;acoustic_guitar:583;electric_bass:490;clean_electric_guitar:362;synth_pad:336;string_ensemble:318;chromatic_percussion:230;flutes:137;french_horn:80;trumpet:25;tenor_sax:24;baritone_sax:7,45,29973,5.498,1057,666.1,0,0.2799,0.3577,0.0987,0.15,0.0985,0.0152,test
Track02053,290.71,8157,28.331,2.76,6.0,0.402,0.11,58.19,12,drums:3279;clean_electric_guitar:1519;electric_bass:815;synth_pad:483;string_ensemble:433;organ:388;voice:352;flutes:351;acoustic_piano:280;soprano_and_alto_sax:137;electric_piano:81;brass_section:39,59,43435,5.325,1395,736.2,0,0.4651,0.215,0.1795,0.0655,0.0195,0.0554,test
Track02061,313.88,6522,21.21,3.119,7.949999999999818,0.1283,0.37,56.15,9,acoustic_guitar:2335;distorted_electric_guitar:1027;drums:837;clean_electric_guitar:789;synth_pad:485;acoustic_bass:374;electric_piano:354;acoustic_piano:194;flutes:127,63,42318,6.489,1262,671.7,0,0.1751,0.261,0.197,0.2151,0.1007,0.0511,test
Track02063,353.44,5214,15.057,4.158,10.0,0.2614,0.27,55.8,12,drums:1363;acoustic_piano:877;distorted_electric_guitar:583;synth_lead:519;voice:452;clean_electric_guitar:421;acoustic_bass:293;organ:281;electric_piano:206;acoustic_guitar:118;string_ensemble:71;synth_pad:30,72,31389,6.02,992,436.0,0,0.3136,0.182,0.1845,0.1233,0.0698,0.1268,test
Track02070,249.4,4505,18.535,5.081,13.0,0.3947,0.21,56.79,8,drums:1778;electric_piano:1068;clean_electric_guitar:769;acoustic_bass:342;brass_section:171;distorted_electric_guitar:147;string_ensemble:135;synth_pad:95,51,23238,5.158,823,455.6,0,0.416,0.117,0.1423,0.2155,0.0923,0.0169,test
Track02074,294.3,7597,25.989,5.902,12.0,0.4572,0.06,54.72,9,drums:3473;electric_piano:1521;clean_electric_guitar:854;acoustic_bass:713;chromatic_percussion:434;soprano_and_alto_sax:294;string_ensemble:218;synth_pad:65;acoustic_guitar:25,59,35795,4.712,1136,606.7,0,0.5604,0.2064,0.1032,0.0566,0.0515,0.022,test
Track02083,152.99,3112,20.748,2.61,6.0,0.3747,0.3,57.62,7,drums:1166;acoustic_piano:695;electric_piano:430;string_ensemble:347;organ:220;electric_bass:191;distorted_electric_guitar:63,32,16497,5.301,922,515.5,0,0.1542,0.3049,0.3528,0.0993,0.0479,0.0408,test
Track02086,288.2,6299,21.895,3.161,6.0,0.5053,0.08,50.49,6,drums:3183;electric_piano:1116;clean_electric_guitar:833;electric_bass:545;distorted_electric_guitar:335;flutes:287,59,30013,4.765,680,508.7,0,0.5123,0.1951,0.13,0.11,0.0443,0.0083,test
Track02087,233.5,4167,17.846,8.31,13.0,0.2121,0.33,55.34,6,acoustic_guitar:1514;drums:884;voice:497;electric_bass:495;acoustic_piano:479;clean_electric_guitar:298,47,24561,5.894,980,522.6,0,0.0014,0.0689,0.6266,0.2714,0.0166,0.0151,test
Track02088,217.1,5578,26.434,3.592,9.0,0.3024,0.15,60.3,11,acoustic_guitar:1986;drums:1687;acoustic_piano:555;string_ensemble:540;synth_lead:399;electric_bass:235;organ:97;voice:48;synth_pad:22;clean_electric_guitar:8;cello:1,45,30154,5.406,1433,670.1,0,0.4826,0.0744,0.1393,0.1542,0.1065,0.043,test
Track02092,206.02,5197,25.487,3.153,7.0,0.273,0.25,52.31,9,clean_electric_guitar:1484;drums:1419;acoustic_piano:873;acoustic_bass:597;organ:411;brass_section:123;string_ensemble:118;trombone:94;voice:78,42,30720,5.911,1017,731.4,0,0.3079,0.1874,0.2619,0.1039,0.0827,0.0562,test
Track02098,73.4,929,12.657,5.702,10.0,0.3219,0.4,52.2,5,drums:299;acoustic_guitar:236;electric_piano:194;acoustic_piano:139;acoustic_bass:61,15,5111,5.502,441,340.7,0,0.0011,0.2842,0.2648,0.2045,0.2379,0.0075,test
