split,group,tracks_with_group,track_share,notes,note_share
train,drums,120,1.0,217795,0.3075
train,acoustic_guitar,64,0.533,94210,0.133
train,acoustic_piano,89,0.742,72437,0.1023
train,clean_electric_guitar,77,0.642,61531,0.0869
train,electric_piano,80,0.667,57455,0.0811
train,electric_bass,80,0.667,37866,0.0535
train,distorted_electric_guitar,53,0.442,28373,0.0401
train,string_ensemble,75,0.625,27360,0.0386
train,acoustic_bass,44,0.367,19189,0.0271
train,voice,50,0.417,15151,0.0214
train,organ,37,0.308,14188,0.02
train,flutes,29,0.242,10493,0.0148
train,brass_section,27,0.225,8237,0.0116
train,synth_pad,40,0.333,7921,0.0112
train,synth_lead,19,0.158,7074,0.01
train,soprano_and_alto_sax,20,0.167,5581,0.0079
train,chromatic_percussion,24,0.2,5075,0.0072
train,synth_strings,22,0.183,4713,0.0067
train,trumpet,11,0.092,2256,0.0032
train,tenor_sax,7,0.058,1756,0.0025
train,singleton_108,2,0.017,1040,0.0015
train,singleton_110,3,0.025,930,0.0013
train,trombone,4,0.033,632,0.0009
train,orchestral_harp,6,0.05,610,0.0009
train,bassoon,2,0.017,575,0.0008
train,prog100,4,0.033,537,0.0008
train,clarinet,2,0.017,528,0.0007
train,singleton_96,2,0.017,456,0.0006
train,french_horn,7,0.058,416,0.0006
train,singleton_99,2,0.017,407,0.0006
train,singleton_118,2,0.017,390,0.0006
train,oboe,3,0.025,365,0.0005
train,tuba,2,0.017,357,0.0005
train,singleton_105,1,0.008,324,0.0005
train,prog101,2,0.017,255,0.0004
train,viola,2,0.017,204,0.0003
train,singleton_113,1,0.008,202,0.0003
train,baritone_sax,2,0.017,177,0.0002
train,singleton_126,1,0.008,176,0.0002
train,singleton_120,3,0.025,150,0.0002
train,singleton_106,1,0.008,150,0.0002
train,singleton_98,3,0.025,140,0.0002
train,cello,2,0.017,121,0.0002
train,singleton_112,1,0.008,90,0.0001
train,contrabass,1,0.008,36,0.0001
train,singleton_119,8,0.067,34,0.0
train,violin,2,0.017,30,0.0
train,english_horn,1,0.008,28,0.0
train,singleton_127,2,0.017,26,0.0
train,timpani,1,0.008,24,0.0
train,singleton_115,1,0.008,20,0.0
train,singleton_125,2,0.017,16,0.0
train,singleton_102,1,0.008,14,0.0
train,singleton_116,1,0.008,12,0.0
train,singleton_124,2,0.017,12,0.0
train,singleton_97,1,0.008,10,0.0
train,singleton_122,3,0.025,9,0.0
train,orchestra_hit,1,0.008,4,0.0
valid,drums,20,1.0,41933,0.3382
valid,acoustic_piano,11,0.55,16408,0.1324
valid,acoustic_guitar,12,0.6,14772,0.1192
valid,clean_electric_guitar,15,0.75,9578,0.0773
valid,electric_piano,11,0.55,7499,0.0605
valid,electric_bass,11,0.55,6834,0.0551
valid,acoustic_bass,11,0.55,6644,0.0536
valid,string_ensemble,13,0.65,3967,0.032
valid,voice,9,0.45,3510,0.0283
valid,synth_pad,7,0.35,2387,0.0193
valid,distorted_electric_guitar,6,0.3,1457,0.0118
valid,chromatic_percussion,4,0.2,1366,0.011
valid,flutes,4,0.2,1324,0.0107
valid,synth_lead,6,0.3,1207,0.0097
valid,organ,3,0.15,855,0.0069
valid,soprano_and_alto_sax,3,0.15,848,0.0068
valid,singleton_99,2,0.1,777,0.0063
valid,singleton_110,2,0.1,521,0.0042
valid,trumpet,3,0.15,499,0.004
valid,brass_section,3,0.15,361,0.0029
valid,synth_strings,1,0.05,342,0.0028
valid,clarinet,1,0.05,335,0.0027
valid,orchestral_harp,1,0.05,221,0.0018
valid,violin,1,0.05,172,0.0014
valid,singleton_98,1,0.05,151,0.0012
valid,singleton_119,1,0.05,2,0.0
valid,singleton_125,1,0.05,1,0.0
test,drums,60,1.0,113273,0.3198
test,acoustic_guitar,39,0.65,44307,0.1251
test,acoustic_piano,41,0.683,42326,0.1195
test,clean_electric_guitar,40,0.667,36646,0.1034
test,electric_piano,41,0.683,26013,0.0734
test,electric_bass,38,0.633,20698,0.0584
test,string_ensemble,40,0.667,12520,0.0353
test,distorted_electric_guitar,26,0.433,8669,0.0245
test,acoustic_bass,24,0.4,8447,0.0238
test,voice,28,0.467,6533,0.0184
test,organ,23,0.383,6329,0.0179
test,synth_pad,23,0.383,5261,0.0149
test,flutes,13,0.217,3914,0.011
test,synth_lead,9,0.15,2876,0.0081
test,chromatic_percussion,8,0.133,2680,0.0076
test,brass_section,10,0.167,1803,0.0051
test,soprano_and_alto_sax,8,0.133,1299,0.0037
test,synth_strings,7,0.117,1158,0.0033
test,singleton_108,2,0.033,1106,0.0031
test,tenor_sax,5,0.083,1089,0.0031
test,singleton_106,1,0.017,903,0.0025
test,singleton_99,1,0.017,793,0.0022
test,singleton_115,1,0.017,768,0.0022
test,singleton_114,1,0.017,762,0.0022
test,violin,3,0.05,728,0.0021
test,viola,3,0.05,631,0.0018
test,clarinet,2,0.033,540,0.0015
test,trombone,2,0.033,413,0.0012
test,singleton_98,2,0.033,302,0.0009
test,baritone_sax,2,0.033,270,0.0008
test,french_horn,4,0.067,218,0.0006
test,trumpet,3,0.05,213,0.0006
test,singleton_104,2,0.033,138,0.0004
test,singleton_103,1,0.017,117,0.0003
test,prog100,2,0.033,105,0.0003
test,singleton_110,1,0.017,84,0.0002
test,singleton_118,1,0.017,62,0.0002
test,singleton_105,1,0.017,40,0.0001
test,timpani,2,0.033,32,0.0001
test,prog101,1,0.017,30,0.0001
test,singleton_102,1,0.017,30,0.0001
test,singleton_126,1,0.017,29,0.0001
test,singleton_116,1,0.017,28,0.0001
test,singleton_122,1,0.017,20,0.0001
test,singleton_123,1,0.017,19,0.0001
test,orchestral_harp,1,0.017,7,0.0
test,english_horn,1,0.017,6,0.0
test,singleton_119,1,0.017,5,0.0
test,singleton_127,1,0.017,1,0.0
test,cello,1,0.017,1,0.0
