track,r1_f1,r2_f1,d_f1,r1_p,r2_p,r1_r,r2_r,p_effect,r_effect,r1_offset_f1,r2_offset_f1,r1_n_pred,r2_n_pred,n_gt,r1_ratio,r2_ratio,r1_trunc,r2_trunc,r1_bnd,r2_bnd,r1_switches,r2_switches,d_switches,r1_inst_f1,r2_inst_f1,duration_s,gt_density_per_s,gt_polyphony_mean,gt_drum_share,gt_median_duration_s
Track01876,0.035204155244553455,0.008840115836000608,-0.026364039408552847,0.0431247790738777,0.011793411956079707,0.029741589468551925,0.007069722086786933,-0.010811194972156903,-0.015552844436395943,0.035204155244553455,0.008840115836000608,2829,2459,4102,0.6896635787420771,0.5994636762554851,0,0,0,0,1,1,0,0.035204155244553455,0.008840115836000608,258.98,16.550332862618518,2.0246791707798617,0.3025353486104339,0.21999999999999886
Track01880,0.0008430123641813413,0.0446040446040446,0.04376103223986326,0.0006822833750284285,0.09748038000826105,0.0011028060286729568,0.028918024751868644,0.022304428721444874,0.021456603518418386,0.000374672161858374,0.029862029862029862,13191,2421,8161,1.616346036024997,0.2966548217130254,2,0,0,0,21,0,-21,0.0008430123641813413,0.0446040446040446,246.5,34.01125234423838,3.011439114391144,0.5368214679573582,0.09000000000000341
Track01887,0.0,0.037849838046366054,0.037849838046366054,0.0,0.023640124565271748,0.0,0.09488185384545206,0.018924919023183027,0.018924919023183027,0.0,0.03519307056811151,8027,43993,10961,0.7323236930936958,4.013593650214396,69,0,67,0,2,1,-1,0.0,0.037849838046366054,419.16,26.654831963425902,5.899354144241119,0.2532615637259374,0.22999999999999687
Track01888,0.010379280240566493,0.02859641001902998,0.018217129778463487,0.007434169387896894,0.021031926161295202,0.017188755020080323,0.04465863453815261,0.012193887104998597,0.006023242673464891,0.003201086429333592,0.0015429717636167258,14393,13218,6225,2.312128514056225,2.1233734939759037,33,0,31,0,9,3,-6,0.010379280240566493,0.02859641001902998,311.52,20.860560973157735,2.2408207343412525,0.4019277108433735,0.18999999999999773
Track01889,0.00011424654404204273,0.007447904286506615,0.007333657742464573,7.453230975627935e-05,0.005508673230192217,0.00024455857177794083,0.011494252873563218,0.0038269396062786663,0.0035067181361859066,0.0,0.007447904286506615,13417,8532,4089,3.281242357544632,2.086573734409391,42,0,27,0,11,10,-1,0.00011424654404204273,0.007447904286506615,281.0,15.16185249731173,2.3127828054298645,0.39373930056248474,0.28999999999999204
Track01895,0.0006493506493506494,0.06087383406971036,0.06022448342035971,0.0005298013245033113,0.07341622261693309,0.0008385744234800838,0.0519916142557652,0.030416888904359392,0.029807594516000315,0.00048701298701298707,0.05719194894452626,7550,3378,4770,1.5828092243186582,0.7081761006289308,11,0,1,0,23,2,-21,0.0006493506493506494,0.06087383406971036,125.41,40.34167794316644,9.103053435114504,0.21174004192872117,0.10999999999999943
Track01897,0.009336511720301947,0.003812316715542522,-0.005524195004759425,0.007047533363322837,0.003800058462437884,0.013827596351868197,0.0038246543100912034,-0.002260436343302098,-0.0032637586614573276,0.00893921334922527,0.002639296187683285,6669,3421,3399,1.9620476610767872,1.006472491909385,1,0,0,0,10,0,-10,0.009336511720301947,0.003812316715542522,303.14,11.779179373440533,1.8523160762942779,0.17446307737569874,0.33999999999999986
Track01901,0.0038846126177972803,0.0012586532410320957,-0.0026259593767651848,0.002452204713682394,0.0023105360443622922,0.00934094447327452,0.0008649022660439371,-0.00010002005606592223,-0.0025259393206992623,0.002589741745198187,0.0,22021,2164,5781,3.8092025601107076,0.37432970074381594,11,0,0,0,6,1,-5,0.0038846126177972803,0.0012586532410320957,250.61,24.064438246680265,2.61229100768188,0.26293028887735687,0.21000000000000796
Track01902,0.023140036156306495,0.0012645422357106728,-0.02187549392059582,0.013660843294364903,0.002079002079002079,0.07559512992912956,0.0009085953116481918,-0.009766323309749407,-0.012109170610846414,0.010290641079126686,0.0,30452,2405,5503,5.533708886062148,0.4370343449027803,22,0,0,0,8,5,-3,0.023140036156306495,0.0012645422357106728,274.17,20.997405372405375,3.9646974063400577,0.2102489551153916,0.18999999999999773
Track01903,0.001381283607123477,0.041802492809204214,0.04042120920208074,0.00099361249112846,0.0345519864750634,0.0022650056625141564,0.05290406083158065,0.02136097053877543,0.019060238663305307,0.0010852942627398749,0.04014062000639182,14090,9464,6181,2.2795664132017475,1.5311438278595697,2,0,0,0,16,2,-14,0.001381283607123477,0.041802492809204214,243.67,26.638796707322328,1.6566604127579738,0.23701666397023136,0.19000000000000128
Track01906,0.06088928595972785,0.029537504858142244,-0.0313517811015856,0.046972749443325204,0.04386302424009234,0.0865234375,0.022265625,-0.0016741921589048924,-0.02967758894268071,0.05264243007353446,0.029537504858142244,9431,2599,5120,1.8419921875,0.5076171875,0,0,0,0,2,0,-2,0.06088928595972785,0.029537504858142244,261.0,20.539152759948653,2.570281124497992,0.2763671875,0.21000000000000796
Track01907,0.0038805349594622685,0.003280609256004686,-0.0005999257034575824,0.003379601689800845,0.0058601925491837585,0.004555808656036446,0.002277904328018223,0.0009024582479169882,-0.0015023839513745706,0.00041577160279952877,0.0,8285,2389,6146,1.3480312398307843,0.3887081028311097,30,0,28,0,2,1,-1,0.0038805349594622685,0.003280609256004686,246.69,25.728399196249164,3.1134751773049647,0.14432150992515458,0.18000000000000682
Track01913,0.01978585878521735,0.05960892411060384,0.039823065325386486,0.012345298934794656,0.0972729828507169,0.049801291604570294,0.04297069051167412,0.04325934654928856,-0.003436281223902075,0.003651255735925396,0.01860625376862779,32482,3557,8052,4.034028812717337,0.44175360158966714,28,0,0,0,20,0,-20,0.01978585878521735,0.05960892411060384,355.25,23.53353792196405,2.762264150943396,0.43517138599105815,0.13000000000000256
Track01917,0.000683624348420543,0.028757821861270138,0.028074197512849595,0.00039863136564462014,0.0430793777423215,0.002398081534772182,0.02158273381294964,0.015917324347629075,0.01215687316522052,0.0003987808699119833,0.028491545732925044,30103,2507,5004,6.015787370103917,0.5009992006394884,38,0,0,0,9,5,-4,0.000683624348420543,0.028757821861270138,283.85,18.831144394686333,4.194467728415758,0.4954036770583533,0.19999999999998863
Track01930,0.021974572280646684,0.017982322462663822,-0.003992249817982862,0.014272121788772598,0.02727693018955155,0.047738122300522844,0.013412139122527847,0.008447997020390965,-0.012440246838373827,0.02186993146026265,0.016458396830234687,14714,2163,4399,3.3448511025233008,0.4917026596953853,0,0,0,0,3,4,1,0.021974572280646684,0.017982322462663822,333.98,14.081306017925737,2.2250885179565,0.36781086610593317,0.18999999999999773
Track01932,0.005405811247090622,0.00636858166379196,0.0009627704167013374,0.0033401373167563555,0.009775967413441956,0.014167650531286895,0.004722550177095631,0.004309496188046474,-0.0033467257713451367,0.0,0.0,21556,2455,5082,4.24163715072806,0.483077528532074,1,0,0,0,27,1,-26,0.005405811247090622,0.00636858166379196,249.85,21.081888326557703,2.5783866057838662,0.3461235733963007,0.46000000000000085
Track01945,0.00014766141238140942,0.019675240014223064,0.019527578601841653,8.606963033093773e-05,0.012747657809860237,0.0005192107995846313,0.043094496365524405,0.010176782248175666,0.009350796353665989,0.00014766141238140942,0.013511911816996562,23237,13022,3852,6.032450674974039,3.3805815160955346,35,0,0,0,12,8,-4,0.00014766141238140942,0.019675240014223064,203.38,19.81685358575985,1.9317953861584753,0.34215991692627207,0.2400000000000091
Track01948,0.004703668861712135,0.005831510986150162,0.0011278421244380272,0.006117455138662317,0.004932182490752158,0.0038206826286296485,0.007131940906775344,-0.0005760787688833704,0.0017039208933213976,0.0031357792411414237,0.002290950744558992,2452,5677,3926,0.6245542536933265,1.446001018848701,0,1,0,0,5,10,5,0.004703668861712135,0.005831510986150162,257.09,16.468811611225302,2.9189591078066917,0.17193071828833417,0.2600000000000051
Track01950,0.0006287001624142086,0.005004549590536851,0.004375849428122643,0.00040774719673802244,0.004977375565610859,0.0013723696248856359,0.005032021957913998,0.002886500456974404,0.0014893489711482384,0.0006287001624142086,0.0029572338489535946,14715,4420,4372,3.365736505032022,1.010978956999085,0,0,0,0,8,10,2,0.0006287001624142086,0.005004549590536851,237.35,19.762238394431137,5.451371571072319,0.10750228728270814,0.3300000000000054
Track01952,0.0011024598635705918,0.0014614541468761417,0.0003589942833055499,0.0009529481834425253,0.002866698518872432,0.0013076168682576005,0.0009807126511932004,0.000594183542687453,-0.00023518925938190312,0.0005512299317852959,0.0012178784557301183,8395,2093,6118,1.3721804511278195,0.34210526315789475,23,0,21,0,2,0,-2,0.0011024598635705918,0.0014614541468761417,208.86,30.9067946451124,1.4221292422129241,0.15707747629944427,0.06499999999999773
Track01955,0.0,0.0030919446704637922,0.0030919446704637922,0.0,0.002333005893909627,0.0,0.004582730342498794,0.0015459723352318961,0.0015459723352318961,0.0,0.0021155410903173316,7104,8144,4146,1.7134587554269176,1.9643029425952725,37,0,35,0,14,4,-10,0.0,0.0030919446704637922,281.72,15.147418800920684,3.2800632911392404,0.329232995658466,0.2400000000000091
Track01959,0.012913882423605375,0.02132418729495974,0.008410304871354364,0.009798336561467471,0.016121758737316798,0.01893439013650374,0.03148392778511669,0.005440070277344718,0.0029702345940096457,0.0012012913882423605,0.002982403817476886,8777,8870,4542,1.932408630559225,1.9528841919859092,28,0,26,0,8,0,-8,0.012913882423605375,0.02132418729495974,265.6,17.570599613152805,3.582018927444795,0.32606781153676795,0.3000000000000007
Track01962,0.00011237849075686913,0.024050348392897283,0.023937969902140414,8.793527963418924e-05,0.04326728669632026,0.0001556420233463035,0.016653696498054475,0.012036595702019606,0.011901374200120808,0.00011237849075686913,0.02360080917060013,11372,2473,6425,1.7699610894941635,0.38490272373540857,37,0,32,0,6,1,-5,0.00011237849075686913,0.024050348392897283,256.6,25.548751391760778,2.3752310536044363,0.31610894941634243,0.09000000000000341
Track01965,0.00012191405059433101,0.053274321776903534,0.053152407726309206,7.101516173703086e-05,0.04302356367487424,0.00043038519474930065,0.06993759414676134,0.026931383226185053,0.026221024500124153,0.0,0.03491517088763216,28163,7554,4647,6.060469119862277,1.6255648805681084,42,0,0,0,5,1,-4,0.00012191405059433101,0.053274321776903534,230.39,21.301856520742607,2.5146103896103895,0.4478157951366473,0.09000000000000341
Track01972,0.00041209074238147237,0.014248122713561387,0.013836031971179915,0.0002511616225040814,0.016173684977415125,0.0011470520761642578,0.012732278045423262,0.007742802488316792,0.006093229482863122,0.00037088166814332516,0.014248122713561387,39815,6863,8718,4.566987841247992,0.7872218398715302,44,0,0,0,7,3,-4,0.00041209074238147237,0.014248122713561387,325.72,27.194460041175372,3.9305680793507665,0.2905482908924065,0.10999999999999943
Track01973,0.0014526672584940683,0.004510045100451004,0.0030573778419569356,0.0014281180577594415,0.0059994545950368145,0.0014780752176055182,0.003613072754146822,0.0016910478669762406,0.0013663299749806955,0.000807037365830038,0.0024600246002460025,6302,3667,6089,1.0349811134833307,0.6022335358843817,0,0,0,0,10,6,-4,0.0014526672584940683,0.004510045100451004,267.4,24.08623417721519,5.664186046511628,0.2956150435211036,0.4000000000000057
Track01975,0.0,0.0009663169519602431,0.0009663169519602431,0.0,0.0011084718923198734,0.0,0.0008564786492108161,0.00048315847598012155,0.00048315847598012155,0.0,0.0009663169519602431,3524,6315,8173,0.4311758228312737,0.7726660956809005,42,0,40,0,3,18,15,0.0,0.0009663169519602431,263.44,33.47120976328937,5.5826502732240435,0.31249235286920346,0.12999999999999545
Track01978,0.028920502092050212,0.00828533899161362,-0.02063516310043659,0.018496317862647715,0.012137359384251036,0.06626783248964566,0.006289308176100629,-0.004752529383718474,-0.015882633716718116,0.010577405857740587,0.0032333030211175104,23356,3378,6519,3.582758091731861,0.5181776346065348,0,0,0,0,7,0,-7,0.028920502092050212,0.00828533899161362,303.18,22.20065386187168,4.1708253358925145,0.35542261082988186,0.21000000000003638
Track01982,0.0,0.005518998089577584,0.005518998089577584,0.0,0.007869249394673124,0.0,0.004249754821837201,0.002759499044788792,0.002759499044788792,0.0,0.004669921460411802,5964,3304,6118,0.9748283752860412,0.540045766590389,17,0,15,0,8,9,1,0.0,0.005518998089577584,166.97,39.21292142033073,2.4134122287968442,0.28277214776070614,0.01999999999999602
Track01987,0.012569666785248429,0.004697430229345123,-0.007872236555903307,0.007227847669700999,0.005992245329573493,0.048170870256759826,0.0038627584639854577,-0.0011242093458483397,-0.006748027210054967,0.006937033084311633,0.0013815971262779773,29331,2837,4401,6.664621676891615,0.6446262213133379,19,0,1,0,6,1,-5,0.012569666785248429,0.004697430229345123,291.05,15.671960686560787,3.8169991326973114,0.3496932515337423,0.25
Track01990,0.004072461732902682,0.017202619489785943,0.01313015775688326,0.0036699569729182484,0.022616294011822153,0.004574132492113565,0.0138801261829653,0.007467204148953135,0.005662953607930126,0.0005617188597107148,0.008405825432509041,7902,3891,6340,1.246372239747634,0.6137223974763407,0,0,0,0,0,4,4,0.004072461732902682,0.017202619489785943,429.2,14.948246999740645,2.205217391304348,0.36498422712933754,0.10000000000002274
Track01993,0.06164859233933437,0.06370802289169634,0.0020594305523619766,0.04630818619582665,0.0982678214523651,0.09218725035948235,0.047132129733184217,0.025236687705331058,-0.02317725715296908,0.061114375767936324,0.06370802289169634,12460,3002,6259,1.9907333439846622,0.4796293337593865,1,0,0,0,29,1,-28,0.06164859233933437,0.06370802289169634,340.14,19.207635180752472,3.638953488372093,0.6282153698673909,0.020000000000010232
Track01995,0.05912957304484268,0.04035972801052863,-0.018769845034314052,0.03724511027881815,0.0446168768186227,0.1433720464557469,0.0368442130556668,0.006120894550036376,-0.024890739584350428,0.04822859030473202,0.03816626453169555,9612,2062,2497,3.8494193031637964,0.8257909491389668,9,0,7,0,4,5,1,0.05912957304484268,0.04035972801052863,246.41,10.623271644330995,3.41120218579235,0.3780536643972767,0.020000000000010232
Track02001,0.0,0.002814738996929375,0.002814738996929375,0.0,0.005529027393817542,0.0,0.001887925856002746,0.0014073694984646876,0.0014073694984646876,0.0,0.0017911975435005115,10209,3979,11653,0.8760834119969106,0.34145713550158757,58,0,56,0,2,0,-2,0.0,0.002814738996929375,389.99,30.47810848982581,3.352416570771001,0.46194113103921736,0.07999999999998408
Track02004,0.004715745349751113,0.001604492579221821,-0.003111252770529292,0.0027701778385772913,0.00253592561284869,0.01584197144533542,0.001173479366321142,-0.0001939250118016486,-0.002917327758727643,5.821907839198906e-05,0.001604492579221821,29240,2366,5113,5.718756111871699,0.46274203011930376,40,0,3,0,1,0,-1,0.004715745349751113,0.001604492579221821,214.76,24.837268046245022,2.075081168831169,0.2775278701349501,0.25
Track02005,0.003089453728408932,0.022851296043656207,0.019761842315247274,0.0021215043394406945,0.033634538152610444,0.005681818181818182,0.017303719008264464,0.012851822641651705,0.00691001967359557,0.0007021485746383935,0.022510231923601635,10370,1992,3872,2.678202479338843,0.5144628099173554,0,0,0,0,11,2,-9,0.003089453728408932,0.022851296043656207,206.62,19.447513812154696,1.7386618769645263,0.34013429752066116,0.18000000000000682
Track02014,0.0,0.009413979759943516,0.009413979759943516,0.0,0.015117157974300832,0.0,0.00683526999316473,0.004706989879971758,0.004706989879971758,0.0,0.0,5143,2646,5852,0.8788448393711552,0.45215311004784686,42,0,40,0,2,0,-2,0.0,0.009413979759943516,263.0,22.98326918545283,7.8445040214477215,0.1843814080656186,0.37999999999999545
Track02019,0.0003246577566149018,0.05553639185926181,0.05521173410264691,0.0002002803925495694,0.0701219512195122,0.0008566533409480297,0.04597372929754426,0.02825276961784676,0.02695896448480015,0.0003246577566149018,0.05519144532597448,14979,2296,3502,4.277270131353513,0.655625356938892,56,0,37,0,3,4,1,0.0003246577566149018,0.05553639185926181,295.51,12.367566040401188,3.396702230843841,0.39663049685893775,0.21999999999999886
Track02026,0.0042040585334303495,0.0012938702895034773,-0.002910188243926872,0.003296563966020033,0.0023515579071134627,0.005800981704596163,0.000892458723784025,-0.00048415400558288093,-0.0024260342383439913,0.0019403347077370848,0.0,7887,1701,4482,1.7597054886211512,0.3795180722891566,8,0,6,0,18,0,-18,0.0042040585334303495,0.0012938702895034773,166.07,28.130295612878932,6.081411126187246,0.1253904506916555,0.1700000000000017
Track02029,0.0004385724466860369,0.0,-0.0004385724466860369,0.0002598414966870209,0.0,0.0014049877063575693,0.0,-0.00021928622334301844,-0.00021928622334301844,0.0004385724466860369,0.0,15394,1953,2847,5.407095187917106,0.6859852476290832,35,0,23,0,14,3,-11,0.0004385724466860369,0.0,268.89,11.02505518336367,3.760898282694848,0.2557077625570776,0.44999999999998863
Track02030,0.005591277606933185,0.05706404620291355,0.051472768595980364,0.00639386189258312,0.09326570865032403,0.004967709885742673,0.04110779930452062,0.024919645306230958,0.026553123289749406,0.0,0.015860701663649685,6256,3549,8052,0.776949826130154,0.44076005961251863,0,0,0,0,0,0,0,0.005591277606933185,0.05706404620291355,355.25,23.53422575553867,3.142857142857143,0.43517138599105815,0.13999999999998636
Track02037,0.0,0.0021244108079399855,0.0021244108079399855,0.0,0.002373887240356083,0.0,0.001922383755857263,0.0010622054039699928,0.0010622054039699928,0.0,0.0019916351324437364,12299,6740,8323,1.4777123633305298,0.8098041571548721,36,0,34,0,2,10,8,0.0,0.0021244108079399855,326.9,26.10891523935002,2.263530051672559,0.5446353478313108,0.010000000000019327
Track02038,0.0014273950041174856,0.04410528358015909,0.0426778885760416,0.00098098400241473,0.03247619047619048,0.002619383437437034,0.06870844247430989,0.022795652985957985,0.01988223559008362,0.0006587976942080702,0.026256224535989133,13252,10500,4963,2.6701591779165827,2.1156558533145273,27,0,25,0,11,1,-10,0.0014273950041174856,0.04410528358015909,296.22,17.475352112676056,3.8059815950920246,0.17993149304855935,0.4299999999999997
Track02044,0.0007174458926222648,0.02241847826086956,0.021701032368247296,0.0007071302298173247,0.025466893039049237,0.0007280669821623589,0.02002184200946487,0.010875339353311047,0.01082569301493625,0.0004782972617481765,0.017391304347826087,8485,6479,8241,1.0296080572746027,0.7861909962383206,14,0,12,0,8,0,-8,0.0007174458926222648,0.02241847826086956,196.46,44.185298375422235,5.296272493573265,0.21490110423492295,0.18999999999999773
Track02045,0.00012368583797155226,0.04913831197525408,0.04901462613728253,0.00013368983957219252,0.1059047619047619,0.00011507479861910241,0.03199079401611047,0.024489129490641328,0.024525496646641203,0.00012368583797155226,0.048608042421564294,7480,2625,8690,0.8607594936708861,0.3020713463751438,29,0,27,0,2,1,-1,0.00012368583797155226,0.04913831197525408,271.26,34.317984361424855,2.2191011235955056,0.2965477560414269,0.12999999999999545
Track02047,0.0029936305732484077,0.06295156122384872,0.059957930650600316,0.0024399107096506256,0.13253968253968254,0.0038724561258960204,0.04127873444838098,0.03143774970497043,0.02852018094562988,0.0029936305732484077,0.05629201482691462,19263,3780,12137,1.5871302628326605,0.3114443437422757,26,0,24,0,14,1,-13,0.0029936305732484077,0.06295156122384872,367.33,33.82570162481536,4.50018539117538,0.2935651314163302,0.07000000000005002
Track02048,0.0,0.011323862466543133,0.011323862466543133,0.0,0.036715620827770364,0.0,0.006694255111976631,0.005661931233271566,0.005661931233271566,0.0,0.011323862466543133,7289,1498,8216,0.8871713729308666,0.1823271665043817,37,0,35,0,13,4,-9,0.0,0.011323862466543133,296.5,28.792710706150338,2.8627177700348434,0.1605404089581305,0.0800000000000125
Track02049,0.022660157897908758,0.06176713459950455,0.0391069767015958,0.026330532212885154,0.04174573055028463,0.019887866285835186,0.11869247857822914,0.011474025432731093,0.027632951268864697,0.022178026878804318,0.059510046793283776,7140,26877,9453,0.7553157727705491,2.8432243732148526,0,0,0,0,12,10,-2,0.022660157897908758,0.06176713459950455,195.91,49.551816323321276,2.993350221659278,0.22003596741775097,0.12000000000000455
Track02052,0.043330024599715154,0.03886729594669628,-0.004462728653018874,0.02833116993058299,0.04925415142133408,0.09207630227439471,0.03209831254585473,0.014808884957730166,-0.01927161361074904,0.023391308100643046,0.020655191560244306,17719,3553,5452,3.25,0.6516874541452677,0,0,0,0,9,5,-4,0.043330024599715154,0.03886729594669628,229.67,24.353419395184705,2.9390835579514825,0.33492296404988997,0.15000000000000036
Track02053,0.00046344571892017143,0.011148679521155077,0.010685233802234906,0.00043931905546403075,0.02189519023689878,0.000490376363859262,0.007478239548853746,0.005407308422259216,0.00527792537997569,0.0,0.011148679521155077,9105,2786,8157,1.116219198234645,0.341547137427976,38,0,36,0,7,1,-6,0.00046344571892017143,0.011148679521155077,296.01,28.330786329535986,1.933854907539118,0.40198602427363,0.10999999999998522
Track02061,0.0,0.0010239906377998828,0.0010239906377998828,0.0,0.000979020979020979,0.0,0.0010732904017172647,0.0005119953188999414,0.0005119953188999414,0.0,0.0008777062609713282,7930,7150,6522,1.2158846979454154,1.0962894817540632,40,1,37,0,14,11,-3,0.0,0.0010239906377998828,318.91,21.210445868158313,1.9486106961458023,0.12833486660533577,0.37000000000000455
Track02063,0.004709718322615705,0.021365960555149745,0.016656242232534042,0.004461987300497683,0.02039037992331823,0.004986574606827772,0.02243958573072497,0.008612926453703793,0.008043315778830247,0.004347432297799113,0.021183345507669833,5827,5738,5214,1.1175680859225163,1.1004986574606828,0,0,0,0,3,9,6,0.004709718322615705,0.021365960555149745,365.32,15.057179161372302,2.3862700228832954,0.2614115841963943,0.27000000000001023
Track02070,0.021573033707865168,0.011570726063060458,-0.01000230764480471,0.013917525773195877,0.016604400166044003,0.04794672586015538,0.008879023307436182,0.0019113842971510541,-0.011913691941955764,0.00739076154806492,0.011570726063060458,15520,2409,4505,3.4450610432852384,0.534739178690344,14,0,9,0,17,1,-16,0.021573033707865168,0.011570726063060458,259.56,18.53451822595244,2.7825818406423717,0.3946725860155383,0.21000000000000796
Track02074,0.0001429286071607232,0.028988271192905504,0.028845342585744782,0.00015634771732332708,0.05259515570934256,0.00013163090693694878,0.02000789785441622,0.01439883814460756,0.014446504441137223,0.0,0.028988271192905504,6396,2890,7597,0.8419112807687245,0.380413321047782,39,0,37,0,5,2,-3,0.0001429286071607232,0.028988271192905504,299.53,25.98864258347017,3.5466853408029877,0.4571541397920232,0.060000000000002274
Track02083,0.012929641202456633,0.0094749309119621,-0.0034547102904945327,0.009726049602852975,0.012282497441146366,0.019280205655526992,0.007712082262210797,0.0014740747981074487,-0.004928785088601981,0.0010774701002047194,0.0007895775759968416,6169,1954,3112,1.9823264781491003,0.627892030848329,20,0,16,0,11,10,-1,0.012929641202456633,0.0094749309119621,160.87,20.74804986999133,1.8568019093078758,0.37467866323907456,0.29999999999999716
Track02086,0.0,0.05294775076837105,0.05294775076837105,0.0,0.04727454159910191,0.0,0.060168280679472934,0.026473875384185525,0.026473875384185525,0.0,0.05029337803855825,5798,8017,6299,0.9204635656453405,1.272741705032545,40,0,38,0,6,0,-6,0.0,0.05294775076837105,295.64,21.895095415203865,2.4264252696456086,0.5053183044927766,0.08000000000004093
Track02087,0.03228397044651462,0.040035429583702396,0.007751459137187777,0.024260712130356066,0.07645466847090664,0.0482361411087113,0.027117830573554116,0.020646997186864174,-0.012895538049676396,0.0,0.0,8285,1478,4167,1.9882409407247421,0.3546916246700264,9,0,7,0,11,4,-7,0.03228397044651462,0.040035429583702396,238.83,17.845824411134902,5.893917963224894,0.21214302855771539,0.3299999999999983
Track02088,0.01816886355539722,0.016256032512065026,-0.0019128310433321957,0.01358309659090909,0.027874564459930314,0.027429186088203657,0.011473646468268197,0.006648836687067646,-0.008561667730399842,0.015081344258401614,0.015240030480060958,11264,2296,5578,2.0193617784152025,0.41161706704912154,14,0,12,0,8,5,-3,0.01816886355539722,0.016256032512065026,228.95,26.433513411051088,2.152836742570436,0.302438149874507,0.15000000000000568
Track02092,0.02118603076327755,0.03163781624500666,0.01045178548172911,0.01415002907540221,0.021873619089703932,0.042139695978449104,0.05714835482008851,0.008283419979051862,0.0021683655026772473,0.02118603076327755,0.005752330226364847,15477,13578,5197,2.9780642678468348,2.6126611506638446,0,0,0,0,1,1,0,0.02118603076327755,0.03163781624500666,212.8,25.486734343582953,2.0804643714971975,0.27304213969597846,0.25
Track02098,0.013457408732999285,0.03963011889035666,0.02617271015735738,0.007760898282694848,0.024910047052311098,0.05059203444564048,0.0968783638320775,0.022592660351983866,0.003580049805373511,0.0002863278453829635,0.0004403346543372963,6056,3613,929,6.518837459634015,3.8891280947255114,0,0,0,0,1,3,2,0.013457408732999285,0.03963011889035666,78.61,12.6566757493188,4.444976076555024,0.3218514531754575,0.3999999999999986
