track,mode,official_matched,recomputed_matched,official_f1,recomputed_f1,official_n_pred,recomputed_n_pred,official_n_gt,recomputed_n_gt,official_offset_matched,recomputed_offset_matched,official_inst_matched,recomputed_inst_matched
Track01876,continuous,29,61,0.008840115836000608,0.018594726413656455,2459,2459,4102,4102,29,61,29,61
Track01876,reset,239,305,0.029755976095617528,0.037973107569721117,11962,11962,4102,4102,239,303,239,305
Track01880,continuous,236,238,0.0446040446040446,0.04498204498204498,2421,2421,8161,8161,158,191,236,238
Track01880,reset,68,667,0.006177606177606178,0.060595048830342946,13854,13854,8161,8161,55,484,68,667
Track01887,continuous,1040,1144,0.037849838046366054,0.04163482185100266,43993,43993,10961,10961,967,1063,1040,1144
Track01887,reset,624,750,0.02235357334766255,0.026867275658248254,44869,44869,10961,10961,546,661,624,750
Track01888,continuous,278,353,0.02859641001902998,0.036311268837113615,13218,13218,6225,6225,15,19,278,353
Track01888,reset,59,98,0.0033120017963399573,0.005501291119344336,29403,29403,6225,6225,9,15,59,98
Track01889,continuous,47,72,0.007447904286506615,0.011409555502733539,8532,8532,4089,4089,47,72,47,72
Track01889,reset,80,87,0.0058763038049067145,0.006390480387836051,23139,23139,4089,4089,9,12,80,87
Track01895,continuous,248,418,0.06087383406971036,0.10260186548846342,3378,3378,4770,4770,233,366,248,418
Track01895,reset,365,416,0.046532381438041816,0.053034166241713414,10918,10918,4770,4770,351,384,365,416
Track01897,continuous,13,122,0.003812316715542522,0.03577712609970674,3421,3421,3399,3399,9,91,13,122
Track01897,reset,223,251,0.021572990229273482,0.02428170649124504,17275,17275,3399,3399,146,165,223,251
Track01901,continuous,5,14,0.0012586532410320957,0.003524229074889868,2164,2164,5781,5781,0,3,5,14
Track01901,reset,111,138,0.009371042634022794,0.011650485436893204,17909,17909,5781,5781,11,11,111,138
Track01902,continuous,5,29,0.0012645422357106728,0.007334344967121902,2405,2405,5503,5503,0,0,5,29
Track01902,reset,285,356,0.02150456500415,0.026861842601675092,21003,21003,5503,5503,78,103,285,356
Track01903,continuous,327,474,0.041802492809204214,0.06059443911792905,9464,9464,6181,6181,314,452,327,474
Track01903,reset,617,721,0.048414940364092905,0.05657564344005022,19307,19307,6181,6181,381,450,617,721
Track01906,continuous,114,121,0.029537504858142244,0.0313512112968001,2599,2599,5120,5120,114,121,114,121
Track01906,reset,503,564,0.039272329793878825,0.04403497813866333,20496,20496,5120,5120,301,348,503,564
Track01907,continuous,14,30,0.003280609256004686,0.007029876977152899,2389,2389,6146,6146,0,1,14,30
Track01907,reset,510,569,0.035871285387726395,0.04002110075611043,22289,22289,6146,6146,87,104,510,569
Track01913,continuous,346,422,0.05960892411060384,0.07270221379963822,3557,3557,8052,8052,108,138,346,422
Track01913,reset,576,700,0.04548864758144126,0.055281342546890426,17273,17273,8052,8052,152,189,576,700
Track01917,continuous,108,137,0.028757821861270138,0.03647982958327786,2507,2507,5004,5004,107,114,108,137
Track01917,reset,424,510,0.02947822157333055,0.035457294816977784,23763,23763,5004,5004,414,496,424,510
Track01930,continuous,59,145,0.017982322462663822,0.04419384334044499,2163,2163,4399,4399,54,96,59,145
Track01930,reset,194,236,0.015238992969639844,0.018538156396056715,21062,21062,4399,4399,188,217,194,236
Track01932,continuous,24,33,0.00636858166379196,0.008756799787713945,2455,2455,5082,5082,0,0,24,33
Track01932,reset,48,75,0.003595370959889143,0.005617767124826785,21619,21619,5082,5082,1,2,48,75
Track01945,continuous,166,190,0.019675240014223064,0.022519853028327604,13022,13022,3852,3852,114,130,166,190
Track01945,reset,115,165,0.01037672005413941,0.01488833746898263,18313,18313,3852,3852,55,88,115,165
Track01948,continuous,28,105,0.005831510986150162,0.021868166198063105,5677,5677,3926,3926,11,40,28,105
Track01948,reset,211,251,0.021510857375879294,0.02558874503007442,15692,15692,3926,3926,115,133,211,251
Track01950,continuous,22,78,0.005004549590536851,0.017743403093721567,4420,4420,4372,4372,13,59,22,78
Track01950,reset,149,179,0.01265984111474574,0.015208802413016696,19167,19167,4372,4372,37,43,149,179
Track01952,continuous,6,21,0.0014614541468761417,0.005115089514066497,2093,2093,6118,6118,5,18,6,21
Track01952,reset,645,714,0.04774771440204316,0.05285560943109894,20899,20899,6118,6118,365,418,645,714
Track01955,continuous,19,25,0.0030919446704637922,0.0040683482506102524,8144,8144,4146,4146,13,15,19,25
Track01955,reset,52,57,0.004330446369087275,0.004746835443037975,19870,19870,4146,4146,17,19,52,57
Track01959,continuous,143,171,0.02132418729495974,0.025499552639427377,8870,8870,4542,4542,20,23,143,171
Track01959,reset,160,177,0.015257712296762503,0.01687884422829352,16431,16431,4542,4542,22,25,160,177
Track01962,continuous,107,171,0.024050348392897283,0.03843560350640594,2473,2473,6425,6425,105,170,107,171
Track01962,reset,300,443,0.025500446257809513,0.037655658974032044,17104,17104,6425,6425,246,372,300,443
Track01965,continuous,325,525,0.053274321776903534,0.08605851979345955,7554,7554,4647,4647,213,363,325,525
Track01965,reset,226,308,0.020809355002071726,0.02835965194972607,17074,17074,4647,4647,202,287,226,308
Track01972,continuous,111,238,0.014248122713561387,0.030550028881329825,6863,6863,8718,8718,111,238,111,238
Track01972,reset,545,779,0.037947361091769945,0.054240356496309705,20006,20006,8718,8718,532,744,545,779
Track01973,continuous,22,39,0.004510045100451004,0.007995079950799507,3667,3667,6089,6089,12,22,22,39
Track01973,reset,246,310,0.01705372616984402,0.02149046793760832,22761,22761,6089,6089,51,92,246,310
Track01975,continuous,7,52,0.0009663169519602431,0.00717835450027609,6315,6315,8173,8173,7,50,7,52
Track01975,reset,146,268,0.010768549933618527,0.01976692727540935,18943,18943,8173,8173,142,248,146,268
Track01978,continuous,41,114,0.00828533899161362,0.023037284025462262,3378,3378,6519,6519,16,35,41,114
Track01978,reset,300,483,0.021132713440405747,0.034023668639053255,21873,21873,6519,6519,118,285,300,483
Track01982,continuous,26,200,0.005518998089577584,0.04245383145828911,3304,3304,6118,6118,22,191,26,200
Track01982,reset,160,247,0.01511001983190103,0.023326093115497215,15060,15060,6118,6118,155,215,160,247
Track01987,continuous,17,29,0.004697430229345123,0.00801326333241227,2837,2837,4401,4401,5,13,17,29
Track01987,reset,127,151,0.009839621910591153,0.011699078019679244,21413,21413,4401,4401,54,66,127,151
Track01990,continuous,88,106,0.017202619489785943,0.020721337112696706,3891,3891,6340,6340,43,60,88,106
Track01990,reset,186,401,0.015557042489126798,0.03353964536634326,17572,17572,6340,6340,123,240,186,401
Track01993,continuous,295,368,0.06370802289169634,0.0794730590648958,3002,3002,6259,6259,295,368,295,368
Track01993,reset,714,902,0.041605967018239036,0.05256103956645883,28063,28063,6259,6259,688,872,714,902
Track01995,continuous,92,107,0.04035972801052863,0.046940118447027855,2062,2062,2497,2497,87,100,92,107
Track01995,reset,287,328,0.03286384976525822,0.03755868544600939,14969,14969,2497,2497,250,287,287,328
Track02001,continuous,22,25,0.002814738996929375,0.0031985670419652,3979,3979,11653,11653,14,14,22,25
Track02001,reset,167,606,0.009436627677007403,0.034243092049499914,23741,23741,11653,11653,148,556,167,606
Track02004,continuous,6,3,0.001604492579221821,0.0008022462896109105,2366,2366,5113,5113,6,3,6,3
Track02004,reset,197,213,0.01531881804043546,0.01656298600311042,20607,20607,5113,5113,197,213,197,213
Track02005,continuous,67,95,0.022851296043656207,0.03240109140518418,1992,1992,3872,3872,66,95,67,95
Track02005,reset,481,544,0.04797047970479706,0.054253515508128056,16182,16182,3872,3872,440,486,481,544
Track02014,continuous,40,182,0.009413979759943516,0.042833607907743,2646,2646,5852,5852,0,0,40,182
Track02014,reset,349,395,0.02960637936884968,0.0335086528673227,17724,17724,5852,5852,4,5,349,395
Track02019,continuous,161,247,0.05553639185926181,0.08520179372197309,2296,2296,3502,3502,160,246,161,247
Track02019,reset,370,461,0.04012144870960745,0.049989156365213616,14942,14942,3502,3502,335,401,370,461
Track02026,continuous,4,5,0.0012938702895034773,0.0016173378618793467,1701,1701,4482,4482,0,2,4,5
Track02026,reset,77,101,0.0076540755467196814,0.010039761431411531,15638,15638,4482,4482,43,55,77,101
Track02029,continuous,0,0,0.0,0.0,1953,1953,2847,2847,0,0,0,0
Track02029,reset,14,24,0.002055196711685261,0.0035231943628890195,10777,10777,2847,2847,7,14,14,24
Track02030,continuous,331,431,0.05706404620291355,0.07430393931557625,3549,3549,8052,8052,92,137,331,431
Track02030,reset,528,749,0.03038936372269705,0.04310915422026533,26697,26697,8052,8052,125,186,528,749
Track02037,continuous,16,190,0.0021244108079399855,0.025227378344287326,6740,6740,8323,8323,15,189,16,190
Track02037,reset,31,67,0.0017543859649122807,0.0037917374080362197,27017,27017,8323,8323,16,44,31,67
Track02038,continuous,341,455,0.04410528358015909,0.058850158442734266,10500,10500,4963,4963,203,284,341,455
Track02038,reset,134,170,0.013744999487126885,0.017437685916504256,14535,14535,4963,4963,111,122,134,170
Track02044,continuous,165,465,0.02241847826086956,0.06317934782608696,6479,6479,8241,8241,128,325,165,465
Track02044,reset,165,228,0.016289056715533837,0.02250851473419221,12018,12018,8241,8241,164,208,165,228
Track02045,continuous,278,450,0.04913831197525408,0.07954043305346885,2625,2625,8690,8690,275,445,278,450
Track02045,reset,1122,1310,0.06953611601747699,0.08118744383502216,23581,23581,8690,8690,874,1052,1122,1310
Track02047,continuous,501,703,0.06295156122384872,0.08833322862348432,3780,3780,12137,12137,448,651,501,703
Track02047,reset,628,978,0.027609856894770392,0.04299751599217427,33354,33354,12137,12137,592,915,628,978
Track02048,continuous,55,43,0.011323862466543133,0.008853201564751905,1498,1498,8216,8216,55,43,55,43
Track02048,reset,21,95,0.0023553162853297443,0.010655002243158367,9616,9616,8216,8216,18,83,21,95
Track02049,continuous,1122,1194,0.06176713459950455,0.0657308009909166,26877,26877,9453,9453,1081,1148,1122,1194
Track02049,reset,429,605,0.029153924566768602,0.04111450900441726,19977,19977,9453,9453,349,477,429,605
Track02052,continuous,175,266,0.03886729594669628,0.059078289838978344,3553,3553,5452,5452,93,148,175,266
Track02052,reset,256,367,0.02188782489740082,0.031378248974008205,17940,17940,5452,5452,106,161,256,367
Track02053,continuous,61,70,0.011148679521155077,0.01279356666362058,2786,2786,8157,8157,61,70,61,70
Track02053,reset,309,558,0.023728162795162218,0.04284891533883663,17888,17888,8157,8157,290,531,309,558
Track02061,continuous,7,41,0.0010239906377998828,0.005997659449970743,7150,7150,6522,6522,6,39,7,41
Track02061,reset,157,193,0.0101908347397118,0.012527586654550175,24290,24290,6522,6522,107,125,157,193
Track02063,continuous,117,244,0.021365960555149745,0.04455807158509861,5738,5738,5214,5214,116,241,117,244
Track02063,reset,402,451,0.02050915769603592,0.02300903015152288,33988,33988,5214,5214,374,418,402,451
Track02070,continuous,40,66,0.011570726063060458,0.019091698004049754,2409,2409,4505,4505,40,66,40,66
Track02070,reset,202,267,0.017802062219088744,0.023530448576716313,18189,18189,4505,4505,197,256,202,267
Track02074,continuous,152,168,0.028988271192905504,0.032039668160579765,2890,2890,7597,7597,152,168,152,168
Track02074,reset,518,705,0.029961247035687436,0.04077737289606108,26981,26981,7597,7597,508,680,518,705
Track02083,continuous,24,40,0.0094749309119621,0.015791551519936834,1954,1954,3112,3112,2,3,24,40
Track02083,reset,100,169,0.014145271942853102,0.02390550958342174,11027,11027,3112,3112,31,83,100,169
Track02086,continuous,379,523,0.05294775076837105,0.07306510198379436,8017,8017,6299,6299,360,491,379,523
Track02086,reset,475,698,0.04337107377647918,0.06373265157048941,15605,15605,6299,6299,396,596,475,698
Track02087,continuous,113,85,0.040035429583702396,0.030115146147032774,1478,1478,4167,4167,0,0,113,85
Track02087,reset,175,288,0.029266661092064557,0.048164562254369096,7792,7792,4167,4167,2,5,175,288
Track02088,continuous,64,92,0.016256032512065026,0.02336804673609347,2296,2296,5578,5578,60,72,64,92
Track02088,reset,188,291,0.017537313432835818,0.0271455223880597,15862,15862,5578,5578,156,253,188,291
Track02092,continuous,297,340,0.03163781624500666,0.036218375499334224,13578,13578,5197,5197,54,63,297,340
Track02092,reset,156,188,0.011953107041606006,0.014405026434755958,20905,20905,5197,5197,155,184,156,188
Track02098,continuous,90,97,0.03963011889035666,0.04271246147071774,3613,3613,929,929,1,1,90,97
Track02098,reset,100,118,0.037418147801683815,0.044153414405986906,4416,4416,929,929,0,0,100,118
