mode,stratum_type,stratum,n_gt,matched,recall,n_pred,precision,f1
continuous,chunk_pos,boundary,35878,1438,0.0400803,,,
continuous,chunk_pos,interior,318364,11434,0.0359149,,,
continuous,drums,drum,113273,11074,0.0977638,,,
continuous,drums,pitched,240969,1798,0.00746154,,,
continuous,gt_density_per_s,0-2,311,4,0.0128617,,,
continuous,gt_density_per_s,10-20,98114,3807,0.0388018,,,
continuous,gt_density_per_s,2-5,2988,29,0.00970549,,,
continuous,gt_density_per_s,5-10,15677,385,0.0245583,,,
continuous,gt_density_per_s,>=20,237152,8647,0.0364618,,,
continuous,gt_duration,0.0-0.1,124975,9016,0.0721424,,,
continuous,gt_duration,0.1-0.25,103866,2166,0.0208538,,,
continuous,gt_duration,0.25-0.5,60903,1104,0.0181272,,,
continuous,gt_duration,0.5-1.0,31506,446,0.014156,,,
continuous,gt_duration,>=1.0s,32992,140,0.00424345,,,
continuous,gt_polyphony,1-1,53700,1891,0.0352142,,,
continuous,gt_polyphony,2-3,84679,3217,0.0379905,,,
continuous,gt_polyphony,4-6,100698,3874,0.0384715,,,
continuous,gt_polyphony,>=7,115165,3890,0.0337776,,,
continuous,pred_drums,drum,,,,127775,0.086668,
continuous,pred_drums,pitched,,,,201365,0.00892906,
continuous,pred_program_group,acoustic_bass,,,,6876,0.0034904,
continuous,pred_program_group,acoustic_guitar,,,,46300,0.00049676,
continuous,pred_program_group,acoustic_piano,,,,80727,0.011991,
continuous,pred_program_group,clean_electric_guitar,,,,15178,0.0245092,
continuous,pred_program_group,distorted_electric_guitar,,,,9,0,
continuous,pred_program_group,drums,,,,127775,0.086668,
continuous,pred_program_group,electric_bass,,,,35912,0.00955112,
continuous,pred_program_group,electric_piano,,,,9991,0.00540486,
continuous,pred_program_group,french_horn,,,,2,0,
continuous,pred_program_group,organ,,,,385,0,
continuous,pred_program_group,string_ensemble,,,,3400,0.00411765,
continuous,pred_program_group,synth_strings,,,,2585,0,
continuous,program_group,acoustic_bass,8447,24,0.00284125,,,
continuous,program_group,acoustic_guitar,44307,23,0.000519105,,,
continuous,program_group,acoustic_piano,42326,968,0.0228701,,,
continuous,program_group,baritone_sax,270,0,0,,,
continuous,program_group,brass_section,1803,0,0,,,
continuous,program_group,cello,1,0,0,,,
continuous,program_group,chromatic_percussion,2680,0,0,,,
continuous,program_group,clarinet,540,0,0,,,
continuous,program_group,clean_electric_guitar,36646,372,0.0101512,,,
continuous,program_group,distorted_electric_guitar,8669,0,0,,,
continuous,program_group,drums,113273,11074,0.0977638,,,
continuous,program_group,electric_bass,20698,343,0.0165716,,,
continuous,program_group,electric_piano,26013,54,0.00207589,,,
continuous,program_group,english_horn,6,0,0,,,
continuous,program_group,flutes,3914,0,0,,,
continuous,program_group,french_horn,218,0,0,,,
continuous,program_group,orchestral_harp,7,0,0,,,
continuous,program_group,organ,6329,0,0,,,
continuous,program_group,prog100,105,0,0,,,
continuous,program_group,prog101,30,0,0,,,
continuous,program_group,singleton_102,30,0,0,,,
continuous,program_group,singleton_103,117,0,0,,,
continuous,program_group,singleton_104,138,0,0,,,
continuous,program_group,singleton_105,40,0,0,,,
continuous,program_group,singleton_106,903,0,0,,,
continuous,program_group,singleton_108,1106,0,0,,,
continuous,program_group,singleton_110,84,0,0,,,
continuous,program_group,singleton_114,762,0,0,,,
continuous,program_group,singleton_115,768,0,0,,,
continuous,program_group,singleton_116,28,0,0,,,
continuous,program_group,singleton_118,62,0,0,,,
continuous,program_group,singleton_119,5,0,0,,,
continuous,program_group,singleton_122,20,0,0,,,
continuous,program_group,singleton_123,19,0,0,,,
continuous,program_group,singleton_126,29,0,0,,,
continuous,program_group,singleton_127,1,0,0,,,
continuous,program_group,singleton_98,302,0,0,,,
continuous,program_group,singleton_99,793,0,0,,,
continuous,program_group,soprano_and_alto_sax,1299,0,0,,,
continuous,program_group,string_ensemble,12520,14,0.00111821,,,
continuous,program_group,synth_lead,2876,0,0,,,
continuous,program_group,synth_pad,5261,0,0,,,
continuous,program_group,synth_strings,1158,0,0,,,
continuous,program_group,tenor_sax,1089,0,0,,,
continuous,program_group,timpani,32,0,0,,,
continuous,program_group,trombone,413,0,0,,,
continuous,program_group,trumpet,213,0,0,,,
continuous,program_group,viola,631,0,0,,,
continuous,program_group,violin,728,0,0,,,
continuous,program_group,voice,6533,0,0,,,
continuous,register,0-47,116361,11247,0.0966561,,,
continuous,register,48-59,76462,494,0.00646073,,,
continuous,register,60-71,107157,930,0.00867885,,,
continuous,register,72-108,33403,181,0.00541867,,,
reset,chunk_pos,boundary,35878,2457,0.0684821,,,
reset,chunk_pos,interior,318364,20988,0.0659245,,,
reset,drums,drum,113273,17681,0.156092,,,
reset,drums,pitched,240969,5764,0.0239201,,,
reset,gt_density_per_s,0-2,311,3,0.0096463,,,
reset,gt_density_per_s,10-20,98114,6768,0.068981,,,
reset,gt_density_per_s,2-5,2988,102,0.0341365,,,
reset,gt_density_per_s,5-10,15677,769,0.0490528,,,
reset,gt_density_per_s,>=20,237152,15803,0.0666366,,,
reset,gt_duration,0.0-0.1,124975,15039,0.120336,,,
reset,gt_duration,0.1-0.25,103866,5061,0.0487262,,,
reset,gt_duration,0.25-0.5,60903,1853,0.0304254,,,
reset,gt_duration,0.5-1.0,31506,938,0.0297721,,,
reset,gt_duration,>=1.0s,32992,554,0.0167919,,,
reset,gt_polyphony,1-1,53700,3911,0.0728305,,,
reset,gt_polyphony,2-3,84679,6521,0.0770085,,,
reset,gt_polyphony,4-6,100698,6727,0.0668037,,,
reset,gt_polyphony,>=7,115165,6286,0.0545826,,,
reset,pred_drums,drum,,,,272714,0.0648335,
reset,pred_drums,pitched,,,,889926,0.00647694,
reset,pred_program_group,acoustic_bass,,,,9442,0.0010591,
reset,pred_program_group,acoustic_guitar,,,,449465,0.00834548,
reset,pred_program_group,acoustic_piano,,,,105979,0.00557658,
reset,pred_program_group,brass_section,,,,2,0,
reset,pred_program_group,clean_electric_guitar,,,,69447,0.00416145,
reset,pred_program_group,distorted_electric_guitar,,,,930,0,
reset,pred_program_group,drums,,,,272714,0.0648335,
reset,pred_program_group,electric_bass,,,,41950,0.00800954,
reset,pred_program_group,electric_piano,,,,92888,0.00704074,
reset,pred_program_group,flutes,,,,93,0,
reset,pred_program_group,french_horn,,,,713,0,
reset,pred_program_group,string_ensemble,,,,97680,0.00124898,
reset,pred_program_group,synth_strings,,,,15,0,
reset,pred_program_group,tenor_sax,,,,1,0,
reset,pred_program_group,voice,,,,21321,0.000515923,
reset,program_group,acoustic_bass,8447,10,0.00118385,,,
reset,program_group,acoustic_guitar,44307,3751,0.0846593,,,
reset,program_group,acoustic_piano,42326,591,0.013963,,,
reset,program_group,baritone_sax,270,0,0,,,
reset,program_group,brass_section,1803,0,0,,,
reset,program_group,cello,1,0,0,,,
reset,program_group,chromatic_percussion,2680,0,0,,,
reset,program_group,clarinet,540,0,0,,,
reset,program_group,clean_electric_guitar,36646,289,0.00788626,,,
reset,program_group,distorted_electric_guitar,8669,0,0,,,
reset,program_group,drums,113273,17681,0.156092,,,
reset,program_group,electric_bass,20698,336,0.0162335,,,
reset,program_group,electric_piano,26013,654,0.0251413,,,
reset,program_group,english_horn,6,0,0,,,
reset,program_group,flutes,3914,0,0,,,
reset,program_group,french_horn,218,0,0,,,
reset,program_group,orchestral_harp,7,0,0,,,
reset,program_group,organ,6329,0,0,,,
reset,program_group,prog100,105,0,0,,,
reset,program_group,prog101,30,0,0,,,
reset,program_group,singleton_102,30,0,0,,,
reset,program_group,singleton_103,117,0,0,,,
reset,program_group,singleton_104,138,0,0,,,
reset,program_group,singleton_105,40,0,0,,,
reset,program_group,singleton_106,903,0,0,,,
reset,program_group,singleton_108,1106,0,0,,,
reset,program_group,singleton_110,84,0,0,,,
reset,program_group,singleton_114,762,0,0,,,
reset,program_group,singleton_115,768,0,0,,,
reset,program_group,singleton_116,28,0,0,,,
reset,program_group,singleton_118,62,0,0,,,
reset,program_group,singleton_119,5,0,0,,,
reset,program_group,singleton_122,20,0,0,,,
reset,program_group,singleton_123,19,0,0,,,
reset,program_group,singleton_126,29,0,0,,,
reset,program_group,singleton_127,1,0,0,,,
reset,program_group,singleton_98,302,0,0,,,
reset,program_group,singleton_99,793,0,0,,,
reset,program_group,soprano_and_alto_sax,1299,0,0,,,
reset,program_group,string_ensemble,12520,122,0.00974441,,,
reset,program_group,synth_lead,2876,0,0,,,
reset,program_group,synth_pad,5261,0,0,,,
reset,program_group,synth_strings,1158,0,0,,,
reset,program_group,tenor_sax,1089,0,0,,,
reset,program_group,timpani,32,0,0,,,
reset,program_group,trombone,413,0,0,,,
reset,program_group,trumpet,213,0,0,,,
reset,program_group,viola,631,0,0,,,
reset,program_group,violin,728,0,0,,,
reset,program_group,voice,6533,11,0.00168376,,,
reset,register,0-47,116361,16860,0.144894,,,
reset,register,48-59,76462,2110,0.0275954,,,
reset,register,60-71,107157,4233,0.0395028,,,
reset,register,72-108,33403,71,0.00212556,,,
