track,selection_rule,mode,audit_kind,duration_s,r1_f1,r2_f1,d_f1,n_gt,n_pred,pred_gt_ratio,f1,precision,recall,inst_switches,truncated,gt_groups_top,pred_groups_top,gt_groups_missing_in_pred,pred_groups_extra_vs_gt,gt_drum_share,pred_drum_share,chunk_coverage_share,longest_no_pred_gap_s,density_ratio,pitch_hist_overlap,longest_repeat_run,share_notes_in_repeat_runs,miss_no_candidate,miss_timing_near,fp_timing_near,mean_pitch_gt,mean_pitch_pred
Track01895,improved_top3,continuous,scripted structural audit of note arrays (no human listening in this offline round),125.41,0.0006493506493506494,0.06087383406971036,0.06022448342035971,4770,3378,0.708,0.06087383406971036,0.07341622261693309,0.0519916142557652,2,0,acoustic_guitar:1376;drums:1010;acoustic_piano:990;electric_bass:427;electric_piano:341;brass_section:251,acoustic_piano:1706;drums:1141;electric_bass:531,acoustic_guitar;electric_piano;brass_section,(none),0.212,0.338,0.923,5.0,0.708,0.308,163,0.731,3705,571,2960,54.4,48.7
Track01895,improved_top3,reset,scripted structural audit of note arrays (no human listening in this offline round),125.41,0.0006493506493506494,0.046532381438041816,0.045883030788691166,4770,10918,2.289,0.046532381438041816,0.033431031324418395,0.07651991614255765,20,3,acoustic_guitar:1376;drums:1010;acoustic_piano:990;electric_bass:427;electric_piano:341;brass_section:251,drums:3016;clean_electric_guitar:2033;string_ensemble:1509;electric_piano:1479;acoustic_piano:1365;acoustic_guitar:946,brass_section,clean_electric_guitar;string_ensemble,0.212,0.276,0.885,10.0,2.289,0.477,308,0.918,2098,396,4590,54.4,60.2
Track02047,improved_top3,continuous,scripted structural audit of note arrays (no human listening in this offline round),367.33,0.0029936305732484077,0.06295156122384872,0.059957930650600316,12137,3780,0.311,0.06295156122384872,0.13253968253968254,0.04127873444838098,1,0,clean_electric_guitar:3600;drums:3563;acoustic_piano:2149;electric_bass:1135;electric_piano:628;brass_section:376,drums:1590;acoustic_piano:1463;electric_bass:727,clean_electric_guitar;electric_piano;brass_section,(none),0.294,0.421,0.986,5.0,0.311,0.293,3,0.0,8679,2670,1981,52.6,44.7
Track02047,improved_top3,reset,scripted structural audit of note arrays (no human listening in this offline round),367.33,0.0029936305732484077,0.027609856894770392,0.024616226321521984,12137,33354,2.748,0.027609856894770392,0.01882832643760868,0.05174260525665321,59,11,clean_electric_guitar:3600;drums:3563;acoustic_piano:2149;electric_bass:1135;electric_piano:628;brass_section:376,acoustic_guitar:11137;drums:6404;string_ensemble:6236;electric_piano:3912;clean_electric_guitar:2992;acoustic_piano:1783,brass_section,acoustic_guitar;string_ensemble,0.294,0.192,0.973,10.0,2.748,0.352,432,0.933,4808,1985,12673,52.6,59.8
Track02019,improved_top3,continuous,scripted structural audit of note arrays (no human listening in this offline round),295.51,0.0003246577566149018,0.05553639185926181,0.05521173410264691,3502,2296,0.656,0.05553639185926181,0.0701219512195122,0.04597372929754426,4,0,drums:1389;acoustic_piano:610;synth_pad:456;electric_bass:432;acoustic_guitar:432;prog100:68,drums:1252;acoustic_piano:1043;electric_bass:1,synth_pad;electric_bass;acoustic_guitar;prog100,(none),0.397,0.545,0.867,20.0,0.656,0.24,15,0.026,2483,508,243,52.1,49.7
Track02019,improved_top3,reset,scripted structural audit of note arrays (no human listening in this offline round),295.51,0.0003246577566149018,0.04012144870960745,0.03979679095299255,3502,14942,4.267,0.04012144870960745,0.024762414670057555,0.105653912050257,45,3,drums:1389;acoustic_piano:610;synth_pad:456;electric_bass:432;acoustic_guitar:432;prog100:68,electric_piano:4178;drums:3523;acoustic_guitar:2960;clean_electric_guitar:1525;acoustic_piano:1254;voice:798,synth_pad;prog100,electric_piano;clean_electric_guitar;voice,0.397,0.236,0.867,30.0,4.267,0.392,260,0.897,1162,478,4749,52.1,60.5
Track01906,degraded_top3,continuous,scripted structural audit of note arrays (no human listening in this offline round),261.0,0.06088928595972785,0.029537504858142244,-0.0313517811015856,5120,2599,0.508,0.029537504858142244,0.04386302424009234,0.022265625,0,0,acoustic_guitar:1601;drums:1415;clean_electric_guitar:492;synth_pad:456;string_ensemble:451;acoustic_bass:402,acoustic_piano:1043;drums:1040;electric_bass:516,acoustic_guitar;clean_electric_guitar;synth_pad;string_ensemble;acoustic_bass,electric_bass,0.276,0.4,0.981,5.0,0.508,0.174,1,0.0,4238,479,401,57.6,45.3
Track01906,degraded_top3,reset,scripted structural audit of note arrays (no human listening in this offline round),261.0,0.06088928595972785,0.039272329793878825,-0.02161695616584902,5120,20496,4.003,0.039272329793878825,0.024541373926619828,0.0982421875,37,2,acoustic_guitar:1601;drums:1415;clean_electric_guitar:492;synth_pad:456;string_ensemble:451;acoustic_bass:402,acoustic_guitar:9666;drums:4698;acoustic_piano:1863;string_ensemble:1107;clean_electric_guitar:1105;electric_bass:883,synth_pad,electric_bass,0.276,0.229,0.962,10.0,4.003,0.455,641,0.9,2058,500,14822,57.6,56.5
Track01876,degraded_top3,continuous,scripted structural audit of note arrays (no human listening in this offline round),258.98,0.035204155244553455,0.008840115836000608,-0.026364039408552847,4102,2459,0.599,0.008840115836000608,0.011793411956079707,0.007069722086786933,1,0,drums:1241;clean_electric_guitar:766;electric_piano:553;voice:401;distorted_electric_guitar:360;electric_bass:307,drums:991;acoustic_piano:989;electric_bass:479,clean_electric_guitar;electric_piano;voice;distorted_electric_guitar,(none),0.303,0.403,0.923,15.0,0.599,0.182,39,0.029,3559,434,484,57.2,44.9
Track01876,degraded_top3,reset,scripted structural audit of note arrays (no human listening in this offline round),258.98,0.035204155244553455,0.029755976095617528,-0.005448179148935927,4102,11962,2.916,0.029755976095617528,0.019979936465474,0.05826426133593369,36,1,drums:1241;clean_electric_guitar:766;electric_piano:553;voice:401;distorted_electric_guitar:360;electric_bass:307,drums:3347;clean_electric_guitar:2538;electric_piano:1892;acoustic_piano:1433;acoustic_guitar:1362;string_ensemble:590,distorted_electric_guitar,acoustic_piano;acoustic_guitar;string_ensemble,0.303,0.28,0.904,15.0,2.916,0.35,409,0.897,2453,305,2790,57.2,58.0
Track01902,degraded_top3,continuous,scripted structural audit of note arrays (no human listening in this offline round),274.17,0.023140036156306495,0.0012645422357106728,-0.02187549392059582,5503,2405,0.437,0.0012645422357106728,0.002079002079002079,0.0009085953116481918,5,0,acoustic_piano:1558;acoustic_guitar:1461;drums:1157;tenor_sax:341;string_ensemble:331;electric_bass:279,drums:1376;acoustic_piano:983;electric_bass:42;string_ensemble:4,acoustic_guitar;tenor_sax;string_ensemble,(none),0.21,0.572,0.909,25.0,0.437,0.047,159,0.237,5270,155,1289,55.5,46.6
Track01902,degraded_top3,reset,scripted structural audit of note arrays (no human listening in this offline round),274.17,0.023140036156306495,0.02150456500415,-0.0016354711521564952,5503,21003,3.817,0.02150456500415,0.013569490072846736,0.05178993276394694,38,1,acoustic_piano:1558;acoustic_guitar:1461;drums:1157;tenor_sax:341;string_ensemble:331;electric_bass:279,acoustic_guitar:8831;drums:4310;acoustic_piano:2638;electric_piano:1907;electric_bass:1161;string_ensemble:1073,tenor_sax,electric_piano,0.21,0.205,0.945,10.0,3.817,0.424,464,0.932,2850,342,11147,55.5,56.8
Track01952,changed_least3,continuous,scripted structural audit of note arrays (no human listening in this offline round),208.86,0.0011024598635705918,0.0014614541468761417,0.0003589942833055499,6118,2093,0.342,0.0014614541468761417,0.002866698518872432,0.0009807126511932004,0,0,acoustic_guitar:4213;drums:961;electric_bass:330;organ:317;electric_piano:297,drums:863;acoustic_piano:823;electric_bass:407,acoustic_guitar;organ;electric_piano,acoustic_piano,0.157,0.412,0.976,5.0,0.342,0.076,1,0.0,6001,81,597,55.6,44.7
Track01952,changed_least3,reset,scripted structural audit of note arrays (no human listening in this offline round),208.86,0.0011024598635705918,0.04774771440204316,0.04664525453847257,6118,20899,3.416,0.04774771440204316,0.03086272070433992,0.10542661000326904,26,3,acoustic_guitar:4213;drums:961;electric_bass:330;organ:317;electric_piano:297,acoustic_guitar:13265;drums:4206;electric_bass:1045;string_ensemble:1038;acoustic_piano:900;electric_piano:198,organ,string_ensemble;acoustic_piano,0.157,0.201,0.952,10.0,3.416,0.32,1221,0.961,3424,535,14983,55.6,56.1
Track02029,changed_least3,continuous,scripted structural audit of note arrays (no human listening in this offline round),268.89,0.0004385724466860369,0.0,-0.0004385724466860369,2847,1953,0.686,0.0,0.0,0.0,3,0,acoustic_guitar:1298;drums:728;clarinet:205;organ:197;clean_electric_guitar:177;acoustic_bass:162,acoustic_piano:1043;drums:908;electric_bass:2,acoustic_guitar;clarinet;organ;clean_electric_guitar;acoustic_bass,acoustic_piano;electric_bass,0.256,0.465,0.963,5.0,0.686,0.061,3,0.0,2837,6,543,59.4,48.8
Track02029,changed_least3,reset,scripted structural audit of note arrays (no human listening in this offline round),268.89,0.0004385724466860369,0.002055196711685261,0.0016166242649992243,2847,10777,3.785,0.002055196711685261,0.0012990628189663172,0.004917456972251493,40,0,acoustic_guitar:1298;drums:728;clarinet:205;organ:197;clean_electric_guitar:177;acoustic_bass:162,drums:4082;acoustic_piano:2960;electric_piano:1405;acoustic_guitar:925;clean_electric_guitar:853;electric_bass:361,clarinet;organ,acoustic_piano;electric_piano;electric_bass,0.256,0.379,0.944,10.0,3.785,0.396,143,0.759,1583,102,4187,59.4,56.2
Track01907,changed_least3,continuous,scripted structural audit of note arrays (no human listening in this offline round),246.69,0.0038805349594622685,0.003280609256004686,-0.0005999257034575824,6146,2389,0.389,0.003280609256004686,0.0058601925491837585,0.002277904328018223,1,0,acoustic_guitar:1632;clean_electric_guitar:1092;drums:887;distorted_electric_guitar:807;electric_bass:523;organ:479,acoustic_piano:963;drums:959;electric_bass:467,acoustic_guitar;clean_electric_guitar;distorted_electric_guitar;organ,acoustic_piano,0.144,0.401,0.96,5.0,0.389,0.152,5,0.0,5290,605,739,56.0,44.6
Track01907,changed_least3,reset,scripted structural audit of note arrays (no human listening in this offline round),246.69,0.0038805349594622685,0.035871285387726395,0.031990750428264124,6146,22289,3.627,0.035871285387726395,0.0228812418681861,0.08298080052066385,27,3,acoustic_guitar:1632;clean_electric_guitar:1092;drums:887;distorted_electric_guitar:807;electric_bass:523;organ:479,acoustic_guitar:14260;drums:4027;string_ensemble:1432;acoustic_piano:1034;electric_bass:937;electric_piano:299,distorted_electric_guitar;organ,string_ensemble;acoustic_piano,0.144,0.181,0.94,10.0,3.627,0.415,1032,0.957,4299,420,17015,56.0,56.4
